Address,Suburb,Postcode,Area,Type,Bed,Bath,Car,Price
"2/961 Punt Road, South Yarra",SOUTH YARRA,3141,Melbourne City Council - Greater Area,ApartmentUnitFlat,2.0,1.0,0,375
"101/50 Altona Street, Kensington",KENSINGTON,3031,Melbourne City Council - Greater Area,ApartmentUnitFlat,2.0,1.0,1,400
"12/51 Murphy Street, South Yarra",SOUTH YARRA,3141,Melbourne City Council - Greater Area,ApartmentUnitFlat,1.0,1.0,1,325
"20/283 Royal Parade, Parkville",PARKVILLE,3052,Melbourne City Council - Greater Area,ApartmentUnitFlat,1.0,1.0,0,295
"56/161 Flemington Road, North Melbourne",NORTH MELBOURNE,3051,Melbourne City Council - Greater Area,ApartmentUnitFlat,1.0,1.0,1,315
"3406/288 Spencer Street, Melbourne",MELBOURNE,3000,Melbourne City Council - Greater Area,Studio,1.0,1.0,0,300
"503/33 Claremont Street, South Yarra",SOUTH YARRA,3141,Melbourne City Council - Greater Area,ApartmentUnitFlat,1.0,1.0,1,400
"2804/58 Clarke Street, Southbank",SOUTHBANK,3006,Melbourne City Council - Greater Area,ApartmentUnitFlat,2.0,1.0,0,360
"2/832 Lygon Street, Carlton",CARLTON,3053,Melbourne City Council - Greater Area,ApartmentUnitFlat,2.0,1.0,0,370
"207/243 Franklin St, Melbourne",MELBOURNE,3000,Melbourne City Council - Greater Area,ApartmentUnitFlat,1.0,1.0,0,360
"805/39 Queen Street, Melbourne",MELBOURNE,3000,Melbourne City Council - Greater Area,ApartmentUnitFlat,1.0,1.0,0,300
"225/232-242 Rouse Street, Port Melbourne",PORT MELBOURNE,3207,Melbourne City Council - Greater Area,ApartmentUnitFlat,1.0,1.0,1,400
"825/488 Swanston Street, Carlton",CARLTON,3053,Melbourne City Council - Greater Area,ApartmentUnitFlat,2.0,1.0,1,290
"8/12 Garton Street, Carlton North",CARLTON NORTH,3054,Melbourne City Council - Greater Area,ApartmentUnitFlat,1.0,1.0,1,320
"707/115 Swanston Street, Melbourne",MELBOURNE,3000,Melbourne City Council - Greater Area,ApartmentUnitFlat,1.0,1.0,0,350
"17/37 Fitzgerald Street, South Yarra",SOUTH YARRA,3141,Melbourne City Council - Greater Area,ApartmentUnitFlat,1.0,1.0,1,295
"235A Abbotsford Street, North Melbourne",NORTH MELBOURNE,3051,Melbourne City Council - Greater Area,House,1.0,1.0,0,350
"6/101 Gipps Street, East Melbourne",EAST MELBOURNE,3002,Melbourne City Council - Greater Area,ApartmentUnitFlat,1.0,1.0,2,370
"108/25 Nott Street, Port Melbourne",PORT MELBOURNE,3207,Melbourne City Council - Greater Area,ApartmentUnitFlat,1.0,1.0,1,375
"207/52 Darling Street, South Yarra",SOUTH YARRA,3141,Melbourne City Council - Greater Area,ApartmentUnitFlat,1.0,1.0,1,400
"107/171 Flemington Road, North Melbourne",NORTH MELBOURNE,3051,Melbourne City Council - Greater Area,ApartmentUnitFlat,1.0,1.0,2,250
"613/77 River Street, South Yarra",SOUTH YARRA,3141,Melbourne City Council - Greater Area,ApartmentUnitFlat,1.0,1.0,1,370
"302/61 Haig Street, Southbank",SOUTHBANK,3006,Melbourne City Council - Greater Area,ApartmentUnitFlat,1.0,1.0,0,360
"4/33 Queens Road, Melbourne",MELBOURNE,3004,Melbourne City Council - Greater Area,ApartmentUnitFlat,2.0,1.0,1,360
"29/274a Domain Road, South Yarra",SOUTH YARRA,3141,Melbourne City Council - Greater Area,ApartmentUnitFlat,1.0,1.0,0,375
"19/7 Manningham Street, Parkville",PARKVILLE,3052,Melbourne City Council - Greater Area,ApartmentUnitFlat,2.0,1.0,1,340
"2/951 Punt Road, South Yarra",SOUTH YARRA,3141,Melbourne City Council - Greater Area,ApartmentUnitFlat,1.0,1.0,1,300
"403/7 Katherine Place, Melbourne",MELBOURNE,3000,Melbourne City Council - Greater Area,ApartmentUnitFlat,1.0,1.0,0,315
"4/63 Millswyn Street, South Yarra",SOUTH YARRA,3141,Melbourne City Council - Greater Area,ApartmentUnitFlat,2.0,1.0,1,400
"102/42 Wilson Street, South Yarra",SOUTH YARRA,3141,Melbourne City Council - Greater Area,ApartmentUnitFlat,1.0,1.0,0,320
"15B/77-87 Haines Street, North Melbourne",NORTH MELBOURNE,3051,Melbourne City Council - Greater Area,ApartmentUnitFlat,2.0,1.0,0,395
"701/518 Swanston Street, Carlton",CARLTON,3053,Melbourne City Council - Greater Area,House,2.0,1.0,0,400
"2802/250 City Road, Southbank",SOUTHBANK,3006,Melbourne City Council - Greater Area,ApartmentUnitFlat,1.0,1.0,0,340
"24/155 Powlett Street, East Melbourne",EAST MELBOURNE,3002,Melbourne City Council - Greater Area,ApartmentUnitFlat,1.0,1.0,1,400
"6/30 Davis Avenue, South Yarra",SOUTH YARRA,3141,Melbourne City Council - Greater Area,ApartmentUnitFlat,1.0,1.0,0,325
"610/408 Lonsdale Street, Melbourne",MELBOURNE,3000,Melbourne City Council - Greater Area,ApartmentUnitFlat,1.0,1.0,0,225
"8/63 Hawksburn Road, South Yarra",SOUTH YARRA,3141,Melbourne City Council - Greater Area,ApartmentUnitFlat,1.0,1.0,1,260
"417/9 Dryburgh Street, West Melbourne",WEST MELBOURNE,3003,Melbourne City Council - Greater Area,ApartmentUnitFlat,1.0,1.0,0,350
"2413/288 Spencer Street, Melbourne",MELBOURNE,3000,Melbourne City Council - Greater Area,ApartmentUnitFlat,1.0,1.0,1,360
"605/555 St Kilda Road, Melbourne",MELBOURNE,3004,Melbourne City Council - Greater Area,ApartmentUnitFlat,1.0,1.0,0,350
"2/21 Wilson Street, South Yarra",SOUTH YARRA,3141,Melbourne City Council - Greater Area,ApartmentUnitFlat,1.0,1.0,1,390
"18/22A Rockley Road, South Yarra",SOUTH YARRA,3141,Melbourne City Council - Greater Area,ApartmentUnitFlat,1.0,1.0,1,360
"8/229 Williams Road, South Yarra",SOUTH YARRA,3141,Melbourne City Council - Greater Area,ApartmentUnitFlat,1.0,1.0,1,330
"825/488 Swanston Street, Carlton",CARLTON,3053,Melbourne City Council - Greater Area,ApartmentUnitFlat,2.0,1.0,1,290
"210/29 O'Connell Street, North Melbourne",NORTH MELBOURNE,3051,Melbourne City Council - Greater Area,ApartmentUnitFlat,1.0,1.0,1,380
"407/33 Wreckyn Street, North Melbourne",NORTH MELBOURNE,3051,Melbourne City Council - Greater Area,ApartmentUnitFlat,1.0,1.0,1,400
"1/70 O'Shanassy Street, North Melbourne",NORTH MELBOURNE,3051,Melbourne City Council - Greater Area,ApartmentUnitFlat,3.0,1.0,0,370
"333 Exhibition Street, Melbourne",MELBOURNE,3000,Melbourne City Council - Greater Area,ApartmentUnitFlat,1.0,1.0,1,400
"408/518 Swanston Street, Carlton",CARLTON,3053,Melbourne City Council - Greater Area,ApartmentUnitFlat,1.0,1.0,0,380
"6/174 Toorak Road West Road, South Yarra",SOUTH YARRA,3141,Melbourne City Council - Greater Area,ApartmentUnitFlat,1.0,1.0,1,290
"12/28 The Righi, South Yarra",SOUTH YARRA,3141,Melbourne City Council - Greater Area,ApartmentUnitFlat,1.0,1.0,1,400
"20/17 Queens Rd, Melbourne",MELBOURNE,3004,Melbourne City Council - Greater Area,ApartmentUnitFlat,1.0,1.0,0,370
"9/384 Toorak Road, South Yarra",SOUTH YARRA,3141,Melbourne City Council - Greater Area,ApartmentUnitFlat,2.0,1.0,0,400
"502/61 Haig Street, Southbank",SOUTHBANK,3006,Melbourne City Council - Greater Area,ApartmentUnitFlat,1.0,1.0,0,340
"51/287 Exhibition Street, Melbourne",MELBOURNE,3000,Melbourne City Council - Greater Area,ApartmentUnitFlat,1.0,1.0,0,330
"235A Abbotsford Street, North Melbourne",NORTH MELBOURNE,3051,Melbourne City Council - Greater Area,House,1.0,1.0,0,350
"1113/610 St Kilda Road, Melbourne",MELBOURNE,3004,Melbourne City Council - Greater Area,ApartmentUnitFlat,2.0,1.0,1,370
"7/8 Cromwell Road, South Yarra",SOUTH YARRA,3141,Melbourne City Council - Greater Area,ApartmentUnitFlat,2.0,1.0,1,400
"1124/572 St Kilda Road, Melbourne",MELBOURNE,3000,Melbourne City Council - Greater Area,ApartmentUnitFlat,1.0,1.0,1,350
"2/66 Gipps Street, East Melbourne",EAST MELBOURNE,3002,Melbourne City Council - Greater Area,ApartmentUnitFlat,1.0,1.0,1,375
"201/106-108 Queensberry Street, Carlton",CARLTON,3053,Melbourne City Council - Greater Area,ApartmentUnitFlat,1.0,1.0,0,400
"225/2 Hobson Street, South Yarra",SOUTH YARRA,3141,Melbourne City Council - Greater Area,ApartmentUnitFlat,1.0,1.0,1,400
"18/5A Powell Street, South Yarra",SOUTH YARRA,3141,Melbourne City Council - Greater Area,ApartmentUnitFlat,1.0,1.0,1,300
"19/7 Manningham Street, Parkville",PARKVILLE,3052,Melbourne City Council - Greater Area,ApartmentUnitFlat,2.0,1.0,1,360
"1205/109 Clarendon Street, Southbank",SOUTHBANK,3006,Melbourne City Council - Greater Area,ApartmentUnitFlat,1.0,1.0,0,350
"14/60 Arthur Street, South Yarra",SOUTH YARRA,3141,Melbourne City Council - Greater Area,House,1.0,1.0,0,380
"107/12 Queens Road, Melbourne",MELBOURNE,3004,Melbourne City Council - Greater Area,ApartmentUnitFlat,1.0,1.0,0,360
"112/445 Royal Parade, Parkville",PARKVILLE,3052,Melbourne City Council - Greater Area,ApartmentUnitFlat,1.0,1.0,1,330
"14/47 Rockley Road, South Yarra",SOUTH YARRA,3141,Melbourne City Council - Greater Area,ApartmentUnitFlat,1.0,1.0,1,350
"10/246 Albert Street, East Melbourne",EAST MELBOURNE,3002,Melbourne City Council - Greater Area,ApartmentUnitFlat,1.0,1.0,0,345
"511/8 Vale St, North Melbourne",NORTH MELBOURNE,3051,Melbourne City Council - Greater Area,ApartmentUnitFlat,2.0,1.0,0,400
"210/29 O'Connell Street, North Melbourne",NORTH MELBOURNE,3051,Melbourne City Council - Greater Area,ApartmentUnitFlat,1.0,1.0,1,380
"17 Arnold Street, South Yarra",SOUTH YARRA,3141,Melbourne City Council - Greater Area,ApartmentUnitFlat,1.0,1.0,0,360
"Unit 304/162 Albert St, East Melbourne",EAST MELBOURNE,3002,Melbourne City Council - Greater Area,ApartmentUnitFlat,2.0,1.0,1,400
"209/500 Flinders Street, Melbourne",MELBOURNE,3000,Melbourne City Council - Greater Area,ApartmentUnitFlat,1.0,1.0,0,200
"305/10 Claremont Street, South Yarra",SOUTH YARRA,3141,Melbourne City Council - Greater Area,ApartmentUnitFlat,1.0,1.0,0,350
"501/8 Daly Street, South Yarra",SOUTH YARRA,3141,Melbourne City Council - Greater Area,ApartmentUnitFlat,2.0,1.0,0,375
"1408/199 William Street, Melbourne",MELBOURNE,3000,Melbourne City Council - Greater Area,ApartmentUnitFlat,1.0,1.0,0,350
"1610/3 Yarra Street, South Yarra",SOUTH YARRA,3141,Melbourne City Council - Greater Area,ApartmentUnitFlat,1.0,1.0,0,350
"1111/74 Queens Road, Melbourne",MELBOURNE,3004,Melbourne City Council - Greater Area,ApartmentUnitFlat,1.0,1.0,1,375
"03 21-23 Hotham Street, East Melbourne",EAST MELBOURNE,3002,Melbourne City Council - Greater Area,House,1.0,1.0,0,330
"701/518 Swanston Street, Carlton",CARLTON,3053,Melbourne City Council - Greater Area,House,2.0,1.0,0,400
"2801/8 Sutherland Street, Melbourne",MELBOURNE,3000,Melbourne City Council - Greater Area,ApartmentUnitFlat,3.0,2.0,1,695
"126/33 Blackwood Street, North Melbourne",NORTH MELBOURNE,3051,Melbourne City Council - Greater Area,ApartmentUnitFlat,1.0,1.0,0,370
"408/518 Swanston Street, Carlton",CARLTON,3053,Melbourne City Council - Greater Area,ApartmentUnitFlat,1.0,1.0,0,380
"6/49 Brougham Street, North Melbourne",NORTH MELBOURNE,3051,Melbourne City Council - Greater Area,ApartmentUnitFlat,1.0,1.0,1,295
"1204/43 Therry Street, Melbourne",MELBOURNE,3000,Melbourne City Council - Greater Area,ApartmentUnitFlat,1.0,1.0,0,360
"Level 1, 5/22 Howard Street, North Melbourne",NORTH MELBOURNE,3051,Melbourne City Council - Greater Area,ApartmentUnitFlat,1.0,1.0,1,375
"308/99 Dow Street, Port Melbourne",PORT MELBOURNE,3207,Melbourne City Council - Greater Area,ApartmentUnitFlat,1.0,1.0,1,385
"104/77 River Street, South Yarra",SOUTH YARRA,3141,Melbourne City Council - Greater Area,ApartmentUnitFlat,1.0,1.0,1,350
"5/19 Chapman Street, North Melbourne",NORTH MELBOURNE,3051,Melbourne City Council - Greater Area,ApartmentUnitFlat,1.0,1.0,1,385
"06/21-23 Hotham Street, East Melbourne",EAST MELBOURNE,3002,Melbourne City Council - Greater Area,ApartmentUnitFlat,1.0,1.0,0,340
"371 Racecourse Road, Kensington",KENSINGTON,3031,Melbourne City Council - Greater Area,Townhouse,1.0,1.0,1,400
"112/445 Royal Parade, Parkville",PARKVILLE,3052,Melbourne City Council - Greater Area,ApartmentUnitFlat,1.0,1.0,1,330
"17/37 Margaret Street, South Yarra",SOUTH YARRA,3141,Melbourne City Council - Greater Area,ApartmentUnitFlat,1.0,1.0,1,345
"503/112 Ireland Street, West Melbourne",WEST MELBOURNE,3003,Melbourne City Council - Greater Area,ApartmentUnitFlat,1.0,1.0,0,375
"215 Stanley Street, West Melbourne",WEST MELBOURNE,3003,Melbourne City Council - Greater Area,House,2.0,1.0,0,395
"671 Park St, Carlton North",CARLTON NORTH,3054,Melbourne City Council - Greater Area,ApartmentUnitFlat,1.0,1.0,0,250
"787 Park Street, Parkville",PARKVILLE,3052,Melbourne City Council - Greater Area,ApartmentUnitFlat,1.0,1.0,0,265
"3.8/546 Flinders Street, Melbourne",MELBOURNE,3000,Melbourne City Council - Greater Area,Studio,1.0,1.0,0,215
"7/2 Nottingham Street, Kensington",KENSINGTON,3031,Melbourne City Council - Greater Area,ApartmentUnitFlat,1.0,1.0,0,365
"10/43 Farnham Street, Flemington",FLEMINGTON,3031,Melbourne City Council - Greater Area,ApartmentUnitFlat,1.0,1.0,1,300
"13/88 Newmarket Street, Flemington",FLEMINGTON,3031,Melbourne City Council - Greater Area,ApartmentUnitFlat,2.0,1.0,2,400
"410/3-11 High Street, North Melbourne",NORTH MELBOURNE,3051,Melbourne City Council - Greater Area,Studio,1.0,1.0,0,295
"4010/568 Collins Street, Melbourne",MELBOURNE,3000,Melbourne City Council - Greater Area,ApartmentUnitFlat,1.0,1.0,0,300
"409/42-50 Barry Street, Carlton",CARLTON,3053,Melbourne City Council - Greater Area,ApartmentUnitFlat,1.0,1.0,0,185
"309/227-229 Toorak Road, South Yarra",SOUTH YARRA,3141,Melbourne City Council - Greater Area,ApartmentUnitFlat,1.0,1.0,0,400
"11/41 Manningham Street, Parkville",PARKVILLE,3052,Melbourne City Council - Greater Area,ApartmentUnitFlat,1.0,1.0,1,310
"612/1 Clara Street, South Yarra",SOUTH YARRA,3141,Melbourne City Council - Greater Area,ApartmentUnitFlat,1.0,1.0,1,370
"613/77 River Street, South Yarra",SOUTH YARRA,3141,Melbourne City Council - Greater Area,ApartmentUnitFlat,1.0,1.0,1,370
"5/37 Darling Street, South Yarra",SOUTH YARRA,3141,Melbourne City Council - Greater Area,ApartmentUnitFlat,1.0,1.0,1,00 
"27/202 The Avenue, Parkville",PARKVILLE,3052,Melbourne City Council - Greater Area,ApartmentUnitFlat,2.0,1.0,1,350
"206/60 Speakmen Street, Kensington",KENSINGTON,3031,Melbourne City Council - Greater Area,ApartmentUnitFlat,1.0,1.0,1,370
"20 Crichton Lane, Kensington",KENSINGTON,3031,Melbourne City Council - Greater Area,Townhouse,1.0,1.0,1,360
"47 Courtney Street, North Melbourne",NORTH MELBOURNE,3051,Melbourne City Council - Greater Area,House,1.0,1.0,0,400
"705/528 Swanston Street, Carlton",CARLTON,3053,Melbourne City Council - Greater Area,ApartmentUnitFlat,1.0,1.0,1,295
"711/429 Spencer Street, West Melbourne",WEST MELBOURNE,3003,Melbourne City Council - Greater Area,ApartmentUnitFlat,1.0,1.0,0,350
"15/49 Farnham Street, Flemington",FLEMINGTON,3031,Melbourne City Council - Greater Area,ApartmentUnitFlat,1.0,1.0,1,265
"14/342 Dryburgh Street, North Melbourne",NORTH MELBOURNE,3051,Melbourne City Council - Greater Area,ApartmentUnitFlat,2.0,1.0,1,395
"C24/85-87 Haines Street, North Melbourne",NORTH MELBOURNE,3051,Melbourne City Council - Greater Area,ApartmentUnitFlat,2.0,2.0,1,400
"1/9 Birch Lane, Kensington",KENSINGTON,3031,Melbourne City Council - Greater Area,Townhouse,1.0,1.0,1,360
"901/33 Rose Lane, Melbourne",MELBOURNE,3000,Melbourne City Council - Greater Area,ApartmentUnitFlat,1.0,1.0,0,380
"102/46 Villiers Street, North Melbourne",NORTH MELBOURNE,3051,Melbourne City Council - Greater Area,ApartmentUnitFlat,2.0,1.0,0,360
"501/46 Villiers Street, North Melbourne",NORTH MELBOURNE,3051,Melbourne City Council - Greater Area,ApartmentUnitFlat,1.0,1.0,0,370
"706/33 Clarke Street, Southbank",SOUTHBANK,3006,Melbourne City Council - Greater Area,ApartmentUnitFlat,1.0,1.0,0,275
"508/77 River Street, South Yarra",SOUTH YARRA,3141,Melbourne City Council - Greater Area,ApartmentUnitFlat,1.0,1.0,1,380
"C1/85 Haines Street, North Melbourne",NORTH MELBOURNE,3051,Melbourne City Council - Greater Area,ApartmentUnitFlat,1.0,1.0,1,400
"1/42 Brougham Street, North Melbourne",NORTH MELBOURNE,3051,Melbourne City Council - Greater Area,ApartmentUnitFlat,2.0,1.0,1,400
"Apt 13/24 Ireland Street, West Melbourne",WEST MELBOURNE,3003,Melbourne City Council - Greater Area,ApartmentUnitFlat,1.0,1.0,1,370
"1/44 Gatehouse Street, Parkville",PARKVILLE,3052,Melbourne City Council - Greater Area,ApartmentUnitFlat,1.0,1.0,1,350
"1/22-28 Canterbury Street, Flemington",FLEMINGTON,3031,Melbourne City Council - Greater Area,Studio,1.0,1.0,1,220
"7/980 Lygon Street, Carlton North",CARLTON NORTH,3054,Melbourne City Council - Greater Area,ApartmentUnitFlat,1.0,1.0,1,360
"313/459 Royal Parade, Parkville",PARKVILLE,3052,Melbourne City Council - Greater Area,ApartmentUnitFlat,1.0,1.0,1,310
"11/39 Dover Street, Flemington",FLEMINGTON,3031,Melbourne City Council - Greater Area,ApartmentUnitFlat,2.0,1.0,1,330
"703/115 Swanston Street, Melbourne",MELBOURNE,3000,Melbourne City Council - Greater Area,ApartmentUnitFlat,1.0,1.0,0,350
"10/37 Fitzgerald Street, South Yarra",SOUTH YARRA,3141,Melbourne City Council - Greater Area,ApartmentUnitFlat,1.0,1.0,0,300
"1/121 Bouverie Street, Carlton",CARLTON,3053,Melbourne City Council - Greater Area,Studio,1.0,1.0,0,250
"3/32 Grosvenor Street, South Yarra",SOUTH YARRA,3141,Melbourne City Council - Greater Area,ApartmentUnitFlat,1.0,1.0,1,315
"407/33 Wreckyn Street, North Melbourne",NORTH MELBOURNE,3051,Melbourne City Council - Greater Area,ApartmentUnitFlat,1.0,1.0,1,350
"309/420 Spencer Street, Melbourne",MELBOURNE,3000,Melbourne City Council - Greater Area,ApartmentUnitFlat,2.0,2.0,0,epo
"307N/515-545 Rathdowne Street, Carlton",CARLTON,3053,Melbourne City Council - Greater Area,ApartmentUnitFlat,2.0,1.0,1,375
"8/81 Alexandra Avenue, South Yarra",SOUTH YARRA,3141,Melbourne City Council - Greater Area,ApartmentUnitFlat,1.0,1.0,0,390
"7/60 Arthur Street, South Yarra",SOUTH YARRA,3141,Melbourne City Council - Greater Area,ApartmentUnitFlat,1.0,1.0,1,300
"11/26 Davis Avenue, South Yarra",SOUTH YARRA,3141,Melbourne City Council - Greater Area,ApartmentUnitFlat,1.0,1.0,1,325
"181 Liardet Street, Port Melbourne",PORT MELBOURNE,3207,Melbourne City Council - Greater Area,ApartmentUnitFlat,1.0,1.0,0,365
"102/25 Wilson Street, South Yarra",SOUTH YARRA,3141,Melbourne City Council - Greater Area,ApartmentUnitFlat,1.0,1.0,0,340
"8H/131 Lonsdale Street, Melbourne",MELBOURNE,3000,Melbourne City Council - Greater Area,ApartmentUnitFlat,1.0,1.0,0,360
"12/5a Powell Street, South Yarra",SOUTH YARRA,3141,Melbourne City Council - Greater Area,ApartmentUnitFlat,1.0,1.0,1,280
"5/559 Punt Road, South Yarra",SOUTH YARRA,3141,Melbourne City Council - Greater Area,ApartmentUnitFlat,1.0,1.0,1,375
"911/408 Lonsdale Street, Melbourne",MELBOURNE,3000,Melbourne City Council - Greater Area,ApartmentUnitFlat,1.0,1.0,0,295
"22/245 Williams Road, South Yarra",SOUTH YARRA,3141,Melbourne City Council - Greater Area,ApartmentUnitFlat,1.0,1.0,1,330
"51/287 Exhibition Street, Melbourne",MELBOURNE,3000,Melbourne City Council - Greater Area,ApartmentUnitFlat,1.0,1.0,0,330
"807/500 Flinders Street, Melbourne",MELBOURNE,3000,Melbourne City Council - Greater Area,Studio,1.0,1.0,0,250
"804/568 St Kilda Road, Melbourne",MELBOURNE,3004,Melbourne City Council - Greater Area,ApartmentUnitFlat,1.0,1.0,0,320
"18/384 Toorak Road, South Yarra",SOUTH YARRA,3141,Melbourne City Council - Greater Area,ApartmentUnitFlat,2.0,1.0,1,400
"2/8-10 Affleck Street, South Yarra",SOUTH YARRA,3141,Melbourne City Council - Greater Area,ApartmentUnitFlat,1.0,1.0,0,315
"14/43 Haines Street, North Melbourne",NORTH MELBOURNE,3051,Melbourne City Council - Greater Area,ApartmentUnitFlat,2.0,1.0,0,375
"125 Bouverie Street, Carlton",CARLTON,3053,Melbourne City Council - Greater Area,ApartmentUnitFlat,1.0,1.0,0,269
"125 Bouverie Street, Carlton",CARLTON,3053,Melbourne City Council - Greater Area,ApartmentUnitFlat,1.0,1.0,0,229
"11/14 Tivoli Road, South Yarra",SOUTH YARRA,3141,Melbourne City Council - Greater Area,ApartmentUnitFlat,1.0,1.0,1,270
"7/30 Davis Avenue, South Yarra",SOUTH YARRA,3141,Melbourne City Council - Greater Area,ApartmentUnitFlat,1.0,1.0,1,330
"P3008/590 Lygon Street, Carlton",CARLTON,3053,Melbourne City Council - Greater Area,ApartmentUnitFlat,1.0,1.0,1,250
"53/394 Collins Street, Melbourne",MELBOURNE,3000,Melbourne City Council - Greater Area,ApartmentUnitFlat,1.0,1.0,0,300
"235A Abbotsford Street, North Melbourne",NORTH MELBOURNE,3051,Melbourne City Council - Greater Area,House,1.0,1.0,0,350
"1/12 Tivoli Road, South Yarra",SOUTH YARRA,3141,Melbourne City Council - Greater Area,ApartmentUnitFlat,1.0,1.0,1,299
"909/65 Dudley Street, West Melbourne",WEST MELBOURNE,3003,Melbourne City Council - Greater Area,ApartmentUnitFlat,2.0,2.0,0,400
"212/99 A'Beckett Street, Melbourne",MELBOURNE,3000,Melbourne City Council - Greater Area,ApartmentUnitFlat,1.0,1.0,0,220
"301/65 Dudley Street, West Melbourne",WEST MELBOURNE,3003,Melbourne City Council - Greater Area,ApartmentUnitFlat,1.0,1.0,0,320
"306/99 ABeckett Street, Melbourne",MELBOURNE,3000,Melbourne City Council - Greater Area,ApartmentUnitFlat,1.0,1.0,0,300
"9/37 Hope Street, South Yarra",SOUTH YARRA,3141,Melbourne City Council - Greater Area,Studio,1.0,1.0,0,230
"21/92 The Avenue, Parkville",PARKVILLE,3052,Melbourne City Council - Greater Area,ApartmentUnitFlat,2.0,1.0,1,395
"610/7 Claremont Street, South Yarra",SOUTH YARRA,3141,Melbourne City Council - Greater Area,ApartmentUnitFlat,1.0,1.0,0,320
"1109/7 Claremont Street, South Yarra",SOUTH YARRA,3141,Melbourne City Council - Greater Area,ApartmentUnitFlat,1.0,1.0,0,330
"204/10 Claremont Street, South Yarra",SOUTH YARRA,3141,Melbourne City Council - Greater Area,ApartmentUnitFlat,1.0,1.0,0,340
"1006/620 Collins Street, Melbourne",MELBOURNE,3000,Melbourne City Council - Greater Area,ApartmentUnitFlat,1.0,1.0,0,380
"211A/441 Lonsdale Street, Melbourne",MELBOURNE,3000,Melbourne City Council - Greater Area,ApartmentUnitFlat,1.0,1.0,0,250
"412/87 Franklin Street, Melbourne",MELBOURNE,3000,Melbourne City Council - Greater Area,ApartmentUnitFlat,1.0,1.0,0,350
"10/25 Barkly Street, Carlton",CARLTON,3053,Melbourne City Council - Greater Area,ApartmentUnitFlat,1.0,1.0,1,350
"2/180 Toorak Road West, South Yarra",SOUTH YARRA,3141,Melbourne City Council - Greater Area,ApartmentUnitFlat,1.0,1.0,0,360
"3/34 Cromwell Road, South Yarra",SOUTH YARRA,3141,Melbourne City Council - Greater Area,ApartmentUnitFlat,1.0,1.0,1,280
"205/51 Garden Street, South Yarra",SOUTH YARRA,3141,Melbourne City Council - Greater Area,Studio,1.0,1.0,0,200
"NRAS/15-27 Wreckyn Street, North Melbourne",NORTH MELBOURNE,3051,Melbourne City Council - Greater Area,ApartmentUnitFlat,1.0,1.0,0,249
"8/79 Alexandra Avenue, South Yarra",SOUTH YARRA,3141,Melbourne City Council - Greater Area,ApartmentUnitFlat,1.0,1.0,0,300
"1719/8 Daly Street, South Yarra",SOUTH YARRA,3141,Melbourne City Council - Greater Area,ApartmentUnitFlat,1.0,1.0,0,325
"1/5 Powell Street, South Yarra",SOUTH YARRA,3141,Melbourne City Council - Greater Area,ApartmentUnitFlat,2.0,1.0,1,400
"106/270 King Street, Melbourne",MELBOURNE,3000,Melbourne City Council - Greater Area,ApartmentUnitFlat,1.0,1.0,0,380
"17/36 Kensington Road, South Yarra",SOUTH YARRA,3141,Melbourne City Council - Greater Area,ApartmentUnitFlat,1.0,1.0,1,360
"24/36 Cromwell Road, South Yarra",SOUTH YARRA,3141,Melbourne City Council - Greater Area,ApartmentUnitFlat,2.0,1.0,1,370
"204/445 Elizabeth Street, Melbourne",MELBOURNE,3000,Melbourne City Council - Greater Area,Studio,1.0,1.0,0,220
"108/445 Elizabeth Street, Melbourne",MELBOURNE,3000,Melbourne City Council - Greater Area,Studio,1.0,1.0,0,315
"3903/601 Little Lonsdale Street, Melbourne",MELBOURNE,3000,Melbourne City Council - Greater Area,ApartmentUnitFlat,1.0,1.0,0,400
"1504/141 La Trobe St, Melbourne",MELBOURNE,3000,Melbourne City Council - Greater Area,ApartmentUnitFlat,1.0,1.0,0,350
"3/1011 Drummond Street, Carlton North",CARLTON NORTH,3054,Melbourne City Council - Greater Area,ApartmentUnitFlat,1.0,1.0,1,350
"11/1011 Drummond Street, Carlton North",CARLTON NORTH,3054,Melbourne City Council - Greater Area,ApartmentUnitFlat,1.0,1.0,1,290
"110/131 Pelham Street, Carlton",CARLTON,3053,Melbourne City Council - Greater Area,ApartmentUnitFlat,1.0,1.0,0,240
"207/668 Swanston Street, Carlton",CARLTON,3053,Melbourne City Council - Greater Area,ApartmentUnitFlat,2.0,1.0,1,360
"4004/245 City Road, Southbank",SOUTHBANK,3006,Melbourne City Council - Greater Area,ApartmentUnitFlat,1.0,1.0,1,400
"613/585 La Trobe Street, Melbourne",MELBOURNE,3000,Melbourne City Council - Greater Area,ApartmentUnitFlat,2.0,1.0,1,380
"1301/673 La Trobe Street, Docklands",DOCKLANDS,3008,Melbourne City Council - Greater Area,ApartmentUnitFlat,1.0,1.0,0,340
"3/6 Mona Place, South Yarra",SOUTH YARRA,3141,Melbourne City Council - Greater Area,ApartmentUnitFlat,1.0,1.0,1,340
"2/49 Tennyson Street, Elwood",ELWOOD,3184,Port Philip City Council - Greater Area,ApartmentUnitFlat,2.0,1.0,0,360
"3/5 Garden Court, Elwood",ELWOOD,3184,Port Philip City Council - Greater Area,ApartmentUnitFlat,2.0,1.0,1,395
"4/7 Scott Street, Elwood",ELWOOD,3184,Port Philip City Council - Greater Area,ApartmentUnitFlat,1.0,1.0,1,320
"7/11 Scott Street, Elwood",ELWOOD,3184,Port Philip City Council - Greater Area,ApartmentUnitFlat,2.0,1.0,1,375
"203/3 Greeves St, St Kilda",ST KILDA,3182,Port Philip City Council - Greater Area,ApartmentUnitFlat,2.0,1.0,1,400
"3/90 Hambleton Street, Middle Park",MIDDLE PARK,3206,Port Philip City Council - Greater Area,ApartmentUnitFlat,1.0,1.0,1,310
"17/72-76 High Street, Windsor",WINDSOR,3181,Port Philip City Council - Greater Area,ApartmentUnitFlat,1.0,1.0,1,300
"21/21 Park Street, South Melbourne",SOUTH MELBOURNE,3205,Port Philip City Council - Greater Area,ApartmentUnitFlat,2.0,1.0,1,350
"209/111 Inkerman Street, St Kilda",ST KILDA,3182,Port Philip City Council - Greater Area,ApartmentUnitFlat,1.0,1.0,1,400
"1316/52 Park Street, South Melbourne",SOUTH MELBOURNE,3205,Port Philip City Council - Greater Area,ApartmentUnitFlat,1.0,1.0,0,280
"4/72 Barkly Street, St Kilda",ST KILDA,3182,Port Philip City Council - Greater Area,ApartmentUnitFlat,1.0,1.0,1,320
"2/1 Ellesmere Road, Windsor",WINDSOR,3181,Port Philip City Council - Greater Area,ApartmentUnitFlat,2.0,1.0,1,390
"6/22 Bendigo Avenue, Elwood",ELWOOD,3184,Port Philip City Council - Greater Area,ApartmentUnitFlat,1.0,1.0,1,310
"21/197 Brighton Road, Elwood",ELWOOD,3184,Port Philip City Council - Greater Area,ApartmentUnitFlat,2.0,1.0,1,375
"206/28 Bank St, South Melbourne",SOUTH MELBOURNE,3205,Port Philip City Council - Greater Area,ApartmentUnitFlat,1.0,1.0,1,400
"206/39 Park Street, South Melbourne",SOUTH MELBOURNE,3205,Port Philip City Council - Greater Area,ApartmentUnitFlat,1.0,1.0,0,360
"1/43b Chapel St, St Kilda",ST KILDA,3182,Port Philip City Council - Greater Area,ApartmentUnitFlat,1.0,1.0,0,260
"3/22-24 Vale Street, St Kilda",ST KILDA,3182,Port Philip City Council - Greater Area,ApartmentUnitFlat,2.0,1.0,0,350
"9/6 Westbeach Road, St Kilda",ST KILDA,3182,Port Philip City Council - Greater Area,ApartmentUnitFlat,1.0,1.0,0,365
"4/7 Southey Street, Elwood",ELWOOD,3184,Port Philip City Council - Greater Area,ApartmentUnitFlat,1.0,1.0,0,270
"6 6-8 Glen Eira Road, Ripponlea",RIPPONLEA,3185,Port Philip City Council - Greater Area,ApartmentUnitFlat,2.0,1.0,1,350
"2/22A Crimea Street, St Kilda",ST KILDA,3182,Port Philip City Council - Greater Area,ApartmentUnitFlat,1.0,1.0,1,320
"326/111 Punt Road, Windsor",WINDSOR,3181,Port Philip City Council - Greater Area,ApartmentUnitFlat,2.0,2.0,1,400
"2/37 Vale Street, St Kilda",ST KILDA,3182,Port Philip City Council - Greater Area,ApartmentUnitFlat,1.0,1.0,1,270
"7/1 Park Street, St Kilda West",ST KILDA WEST,3182,Port Philip City Council - Greater Area,ApartmentUnitFlat,1.0,1.0,0,350
"3a Kent Street, Windsor",WINDSOR,3181,Port Philip City Council - Greater Area,ApartmentUnitFlat,2.0,1.0,0,400
"10/33 Grey St, St Kilda",ST KILDA,3182,Port Philip City Council - Greater Area,Studio,1.0,1.0,0,275
"5/58 The Avenue, Windsor",WINDSOR,3181,Port Philip City Council - Greater Area,ApartmentUnitFlat,1.0,1.0,1,370
"6/311 Inkerman Street, Balaclava",BALACLAVA,3183,Port Philip City Council - Greater Area,ApartmentUnitFlat,2.0,1.0,0,330
"10/169 Ormond Road, Elwood",ELWOOD,3184,Port Philip City Council - Greater Area,ApartmentUnitFlat,1.0,1.0,0,310
"9/33 Grey Street, St Kilda",ST KILDA,3182,Port Philip City Council - Greater Area,ApartmentUnitFlat,1.0,1.0,0,315
"8/1 Crimea Street, St Kilda",ST KILDA,3182,Port Philip City Council - Greater Area,ApartmentUnitFlat,1.0,1.0,1,335
"1/16 Robe Street, St Kilda",ST KILDA,3182,Port Philip City Council - Greater Area,ApartmentUnitFlat,2.0,1.0,1,325
"8/68 Grey Street, St Kilda",ST KILDA,3182,Port Philip City Council - Greater Area,ApartmentUnitFlat,1.0,1.0,0,310
"316/173-177 Barkly Street, St Kilda",ST KILDA,3182,Port Philip City Council - Greater Area,ApartmentUnitFlat,1.0,1.0,0,380
"306/1A Peel Street, Windsor",WINDSOR,3181,Port Philip City Council - Greater Area,ApartmentUnitFlat,1.0,1.0,1,390
"63 Emerald Hill, South Melbourne",SOUTH MELBOURNE,3205,Port Philip City Council - Greater Area,ApartmentUnitFlat,1.0,1.0,0,395
"504/62 Carlisle Street, St Kilda",ST KILDA,3182,Port Philip City Council - Greater Area,ApartmentUnitFlat,1.0,1.0,0,270
"112/63 Fitzroy Street, St Kilda",ST KILDA,3182,Port Philip City Council - Greater Area,ApartmentUnitFlat,1.0,1.0,0,250
"708/65 Acland Street, St Kilda",ST KILDA,3182,Port Philip City Council - Greater Area,ApartmentUnitFlat,1.0,1.0,0,250
"3/269 Inkerman Street, Balaclava",BALACLAVA,3183,Port Philip City Council - Greater Area,ApartmentUnitFlat,1.0,1.0,0,375
"13/9 Fitzroy Street, St Kilda",ST KILDA,3182,Port Philip City Council - Greater Area,ApartmentUnitFlat,1.0,1.0,0,350
"306/138 Glen Eira Road, Ripponlea",RIPPONLEA,3185,Port Philip City Council - Greater Area,ApartmentUnitFlat,1.0,1.0,1,365
"8/162 Chapel Street, St Kilda",ST KILDA,3182,Port Philip City Council - Greater Area,ApartmentUnitFlat,1.0,1.0,1,299
"GD/12 Marine Parade, St Kilda",ST KILDA,3182,Port Philip City Council - Greater Area,ApartmentUnitFlat,1.0,1.0,1,350
"20/1 Duke Street, St Kilda",ST KILDA,3182,Port Philip City Council - Greater Area,ApartmentUnitFlat,1.0,1.0,0,395
"3/76 Pakington Street, St Kilda",ST KILDA,3182,Port Philip City Council - Greater Area,ApartmentUnitFlat,1.0,1.0,0,350
"6/12 May Street, Elwood",ELWOOD,3184,Port Philip City Council - Greater Area,ApartmentUnitFlat,1.0,1.0,1,320
"9/85 Grosvenor Street, Balaclava",BALACLAVA,3183,Port Philip City Council - Greater Area,House,2.0,1.0,1,385
"504/2a Henry Street, Windsor",WINDSOR,3181,Port Philip City Council - Greater Area,House,1.0,1.0,1,400
"12/4 Hartpury Avenue, Elwood",ELWOOD,3184,Port Philip City Council - Greater Area,ApartmentUnitFlat,1.0,1.0,1,320
"6/2 Woodstock Street, Balaclava",BALACLAVA,3183,Port Philip City Council - Greater Area,ApartmentUnitFlat,2.0,1.0,1,380
"6/99 Alma Road, St Kilda",ST KILDA,3182,Port Philip City Council - Greater Area,ApartmentUnitFlat,2.0,1.0,1,370
"105/3-7 Alma Road, St Kilda",ST KILDA,3182,Port Philip City Council - Greater Area,ApartmentUnitFlat,1.0,1.0,1,390
"202/363 Beaconsfield Parade, St Kilda",ST KILDA,3182,Port Philip City Council - Greater Area,ApartmentUnitFlat,1.0,1.0,0,315
"12/18 Pine Avenue, Elwood",ELWOOD,3184,Port Philip City Council - Greater Area,ApartmentUnitFlat,1.0,1.0,0,290
"10/187 Beaconsfield Parade, Middle Park",MIDDLE PARK,3206,Port Philip City Council - Greater Area,ApartmentUnitFlat,1.0,1.0,1,390
"7/41 Park Street, St Kilda West",ST KILDA WEST,3182,Port Philip City Council - Greater Area,ApartmentUnitFlat,1.0,1.0,0,270
"2/48 Jackson Street, St Kilda",ST KILDA,3182,Port Philip City Council - Greater Area,ApartmentUnitFlat,1.0,1.0,1,365
"22A Crimea Street, St Kilda",ST KILDA,3182,Port Philip City Council - Greater Area,ApartmentUnitFlat,1.0,1.0,1,320
"4/7-9 Faussett Street, Albert Park",ALBERT PARK,3206,Port Philip City Council - Greater Area,ApartmentUnitFlat,1.0,1.0,1,400
"4/11a Pine Avenue, Elwood",ELWOOD,3184,Port Philip City Council - Greater Area,ApartmentUnitFlat,2.0,1.0,1,385
"2/7-9 Eildon Road, St Kilda",ST KILDA,3182,Port Philip City Council - Greater Area,ApartmentUnitFlat,1.0,1.0,0,375
"3/7A Coleridge Street, Elwood",ELWOOD,3184,Port Philip City Council - Greater Area,ApartmentUnitFlat,2.0,1.0,1,395
"12/9 Southey Street, Elwood",ELWOOD,3184,Port Philip City Council - Greater Area,ApartmentUnitFlat,1.0,1.0,0,320
"15/38 Scott Street, Elwood",ELWOOD,3184,Port Philip City Council - Greater Area,ApartmentUnitFlat,1.0,1.0,1,350
"6/3 Herbert Street, St Kilda",ST KILDA,3182,Port Philip City Council - Greater Area,ApartmentUnitFlat,1.0,1.0,0,350
"5/56 Smith Street, South Melbourne",SOUTH MELBOURNE,3205,Port Philip City Council - Greater Area,ApartmentUnitFlat,2.0,1.0,1,400
"307/99 Palmerston Crescent, South Melbourne",SOUTH MELBOURNE,3205,Port Philip City Council - Greater Area,ApartmentUnitFlat,1.0,1.0,1,400
"1/170 Barkly Street, St Kilda",ST KILDA,3182,Port Philip City Council - Greater Area,ApartmentUnitFlat,2.0,1.0,1,400
"107/72 Acland Street, St Kilda",ST KILDA,3182,Port Philip City Council - Greater Area,ApartmentUnitFlat,1.0,1.0,1,400
"508/97 Palmerston Crescent, South Melbourne",SOUTH MELBOURNE,3205,Port Philip City Council - Greater Area,ApartmentUnitFlat,1.0,1.0,0,350
"204/163 Inkerman Street, St Kilda",ST KILDA,3182,Port Philip City Council - Greater Area,ApartmentUnitFlat,1.0,1.0,1,360
"5/57 Foam Street, Elwood",ELWOOD,3184,Port Philip City Council - Greater Area,ApartmentUnitFlat,1.0,1.0,1,290
"205/44 Barkly Street, St Kilda",ST KILDA,3182,Port Philip City Council - Greater Area,Studio,1.0,1.0,1,250
"11/197 Canterbury Road, St Kilda West",ST KILDA WEST,3182,Port Philip City Council - Greater Area,ApartmentUnitFlat,1.0,1.0,1,295
"8/30 James Street, Windsor",WINDSOR,3181,Port Philip City Council - Greater Area,ApartmentUnitFlat,1.0,1.0,1,270
"6/6 Westbeach Road, St Kilda",ST KILDA,3182,Port Philip City Council - Greater Area,ApartmentUnitFlat,2.0,1.0,0,370
"13/91 Grosvenor Street, Balaclava",BALACLAVA,3183,Port Philip City Council - Greater Area,ApartmentUnitFlat,1.0,1.0,1,275
"11/12 Robe Street, St Kilda",ST KILDA,3182,Port Philip City Council - Greater Area,ApartmentUnitFlat,1.0,1.0,0,295
"911/338 Kings Way, South Melbourne",SOUTH MELBOURNE,3205,Port Philip City Council - Greater Area,ApartmentUnitFlat,1.0,1.0,1,385
"10/187 Beaconsfield Parade, Middle Park",MIDDLE PARK,3206,Port Philip City Council - Greater Area,ApartmentUnitFlat,1.0,1.0,1,390
"5/24 Alma Road, St Kilda",ST KILDA,3182,Port Philip City Council - Greater Area,ApartmentUnitFlat,1.0,1.0,0,290
"105/356 Carlisle Street, Balaclava",BALACLAVA,3183,Port Philip City Council - Greater Area,ApartmentUnitFlat,1.0,1.0,1,400
"8/40 Charnwood Road, St Kilda",ST KILDA,3182,Port Philip City Council - Greater Area,ApartmentUnitFlat,1.0,1.0,1,390
"2/43 Chapel Street, St Kilda",ST KILDA,3182,Port Philip City Council - Greater Area,ApartmentUnitFlat,1.0,1.0,0,280
"107/7 Belford Street, St Kilda",ST KILDA,3182,Port Philip City Council - Greater Area,House,2.0,2.0,1,370
"11/54 Acland Street, St Kilda",ST KILDA,3182,Port Philip City Council - Greater Area,ApartmentUnitFlat,1.0,1.0,0,350
"7/23 Robe Street, St Kilda",ST KILDA,3182,Port Philip City Council - Greater Area,ApartmentUnitFlat,1.0,1.0,0,280
"1102/6 St Kilda Road, St Kilda",ST KILDA,3182,Port Philip City Council - Greater Area,ApartmentUnitFlat,1.0,1.0,1,390
"108/39 Park Street, South Melbourne",SOUTH MELBOURNE,3205,Port Philip City Council - Greater Area,ApartmentUnitFlat,1.0,1.0,0,380
"107/39 Park Street, South Melbourne",SOUTH MELBOURNE,3205,Port Philip City Council - Greater Area,ApartmentUnitFlat,1.0,1.0,0,380
"106/39 Park Street, South Melbourne",SOUTH MELBOURNE,3205,Port Philip City Council - Greater Area,ApartmentUnitFlat,1.0,1.0,0,380
"14/52 Moubray Street, Albert Park",ALBERT PARK,3206,Port Philip City Council - Greater Area,ApartmentUnitFlat,1.0,1.0,1,360
"2/46 Ormond Esplanade, Elwood",ELWOOD,3184,Port Philip City Council - Greater Area,ApartmentUnitFlat,1.0,1.0,1,385
"4/24 Raglan Street, South Melbourne",SOUTH MELBOURNE,3205,Port Philip City Council - Greater Area,ApartmentUnitFlat,1.0,1.0,1,310
"307/126 Chapel Street, St Kilda",ST KILDA,3182,Port Philip City Council - Greater Area,ApartmentUnitFlat,1.0,1.0,0,330
"305/126 Chapel Street, St Kilda",ST KILDA,3182,Port Philip City Council - Greater Area,ApartmentUnitFlat,1.0,1.0,0,350
"3/5 Belford Street, St Kilda",ST KILDA,3182,Port Philip City Council - Greater Area,ApartmentUnitFlat,1.0,1.0,0,325
"1/16 Gertrude Street, Windsor",WINDSOR,3181,Port Philip City Council - Greater Area,ApartmentUnitFlat,2.0,1.0,1,400
"10/21-23 Tiuna Grove, Elwood",ELWOOD,3184,Port Philip City Council - Greater Area,ApartmentUnitFlat,2.0,1.0,1,395
"3/29 Chapel Street, St Kilda",ST KILDA,3182,Port Philip City Council - Greater Area,ApartmentUnitFlat,2.0,1.0,1,400
"9/50 Wellington Street, St Kilda",ST KILDA,3182,Port Philip City Council - Greater Area,ApartmentUnitFlat,1.0,1.0,1,310
"4/5 Vautier Street, Elwood",ELWOOD,3184,Port Philip City Council - Greater Area,ApartmentUnitFlat,2.0,1.0,1,395
"7/39 Vautier Street, Elwood",ELWOOD,3184,Port Philip City Council - Greater Area,ApartmentUnitFlat,1.0,1.0,2,350
"11/23 Irwell Street, St Kilda",ST KILDA,3182,Port Philip City Council - Greater Area,ApartmentUnitFlat,1.0,1.0,0,310
"9/39 Vautier Street, Elwood",ELWOOD,3184,Port Philip City Council - Greater Area,ApartmentUnitFlat,1.0,1.0,2,350
"6/5 Bundalohn Court, St Kilda",ST KILDA,3182,Port Philip City Council - Greater Area,ApartmentUnitFlat,1.0,1.0,1,315
"8/61 Canterbury Road, Middle Park",MIDDLE PARK,3206,Port Philip City Council - Greater Area,ApartmentUnitFlat,2.0,1.0,0,400
"9/400 Barkly Street, Elwood",ELWOOD,3184,Port Philip City Council - Greater Area,ApartmentUnitFlat,1.0,1.0,0,395
"5/11 Anderson Street, South Melbourne",SOUTH MELBOURNE,3205,Port Philip City Council - Greater Area,ApartmentUnitFlat,1.0,1.0,0,295
"7/25 Clarke Street, Elwood",ELWOOD,3184,Port Philip City Council - Greater Area,ApartmentUnitFlat,1.0,1.0,0,370
"14/32 Fitzroy Street, St Kilda",ST KILDA,3182,Port Philip City Council - Greater Area,ApartmentUnitFlat,1.0,1.0,0,300
"17/17-19 Milton Street, Elwood",ELWOOD,3184,Port Philip City Council - Greater Area,ApartmentUnitFlat,2.0,1.0,1,395
"18/36 Brighton Road, Balaclava",BALACLAVA,3183,Port Philip City Council - Greater Area,ApartmentUnitFlat,1.0,1.0,1,365
"207/78 Inkerman Street, St Kilda",ST KILDA,3182,Port Philip City Council - Greater Area,ApartmentUnitFlat,1.0,1.0,1,380
"208/39 Park Street, South Melbourne",SOUTH MELBOURNE,3205,Port Philip City Council - Greater Area,ApartmentUnitFlat,1.0,1.0,0,380
"207/39 Park Street, South Melbourne",SOUTH MELBOURNE,3205,Port Philip City Council - Greater Area,ApartmentUnitFlat,1.0,1.0,0,380
"108/39 Park Street, South Melbourne",SOUTH MELBOURNE,3205,Port Philip City Council - Greater Area,ApartmentUnitFlat,1.0,1.0,0,380
"107/39 Park Street, South Melbourne",SOUTH MELBOURNE,3205,Port Philip City Council - Greater Area,ApartmentUnitFlat,1.0,1.0,0,380
"106/39 Park Street, South Melbourne",SOUTH MELBOURNE,3205,Port Philip City Council - Greater Area,ApartmentUnitFlat,1.0,1.0,0,380
"7/24 Prentice Street, St Kilda",ST KILDA,3182,Port Philip City Council - Greater Area,ApartmentUnitFlat,1.0,1.0,1,275
"6/300 Ferrars Street, South Melbourne",SOUTH MELBOURNE,3205,Port Philip City Council - Greater Area,ApartmentUnitFlat,2.0,1.0,1,395
"7/294 Ferrars Street, South Melbourne",SOUTH MELBOURNE,3205,Port Philip City Council - Greater Area,ApartmentUnitFlat,1.0,1.0,1,340
"8/294 Ferrars Street, South Melbourne",SOUTH MELBOURNE,3205,Port Philip City Council - Greater Area,ApartmentUnitFlat,1.0,1.0,1,300
"12/54 Barkly Street, St Kilda",ST KILDA,3182,Port Philip City Council - Greater Area,ApartmentUnitFlat,1.0,1.0,1,270
"3/43b Chapel St, St Kilda",ST KILDA,3182,Port Philip City Council - Greater Area,Studio,1.0,1.0,0,240
"12/13 St Leonards Avenue, St Kilda",ST KILDA,3182,Port Philip City Council - Greater Area,ApartmentUnitFlat,1.0,1.0,1,300
"12/9 Fitzroy Street, St Kilda",ST KILDA,3182,Port Philip City Council - Greater Area,ApartmentUnitFlat,1.0,1.0,0,250
"301/78 Inkerman Street, St Kilda",ST KILDA,3182,Port Philip City Council - Greater Area,ApartmentUnitFlat,1.0,1.0,0,320
"28/41 Chapel Street, St Kilda",ST KILDA,3182,Port Philip City Council - Greater Area,ApartmentUnitFlat,2.0,1.0,1,395
"13/22a Acland Street, St Kilda",ST KILDA,3182,Port Philip City Council - Greater Area,ApartmentUnitFlat,1.0,1.0,1,385
"2/56 Byron Street, Elwood",ELWOOD,3184,Port Philip City Council - Greater Area,ApartmentUnitFlat,1.0,1.0,1,340
"1/17 Mitchell Street, St Kilda",ST KILDA,3182,Port Philip City Council - Greater Area,ApartmentUnitFlat,1.0,1.0,1,250
"10/24 Scott Street, Elwood",ELWOOD,3184,Port Philip City Council - Greater Area,ApartmentUnitFlat,1.0,1.0,1,350
"35/62 Wellington Street, St Kilda",ST KILDA,3182,Port Philip City Council - Greater Area,ApartmentUnitFlat,1.0,1.0,1,380
"7/17 Herbert Street, St Kilda",ST KILDA,3182,Port Philip City Council - Greater Area,ApartmentUnitFlat,1.0,1.0,0,300
"29/60 Fitzroy Street, St Kilda",ST KILDA,3182,Port Philip City Council - Greater Area,ApartmentUnitFlat,1.0,1.0,1,345
"8/27 Robe Street, St Kilda",ST KILDA,3182,Port Philip City Council - Greater Area,ApartmentUnitFlat,2.0,1.0,1,350
"3/17 Mitchell Street, St Kilda",ST KILDA,3182,Port Philip City Council - Greater Area,ApartmentUnitFlat,1.0,1.0,0,250
"12/82 Pakington Street, St Kilda",ST KILDA,3182,Port Philip City Council - Greater Area,ApartmentUnitFlat,1.0,1.0,1,295
"9/35 Charles Street, St Kilda",ST KILDA,3182,Port Philip City Council - Greater Area,Studio,1.0,1.0,1,240
"13/343 Beaconsfield Parade, St Kilda West",ST KILDA WEST,3182,Port Philip City Council - Greater Area,ApartmentUnitFlat,1.0,1.0,1,375
"4/193 Fitzroy Street, St Kilda",ST KILDA,3182,Port Philip City Council - Greater Area,ApartmentUnitFlat,1.0,1.0,0,290
"17/14 Fitzroy Street, St Kilda",ST KILDA,3182,Port Philip City Council - Greater Area,ApartmentUnitFlat,1.0,1.0,0,350
"5/23 Scott Street, Elwood",ELWOOD,3184,Port Philip City Council - Greater Area,ApartmentUnitFlat,2.0,1.0,1,345
"2/32 Wellington Street, St Kilda",ST KILDA,3182,Port Philip City Council - Greater Area,ApartmentUnitFlat,1.0,1.0,1,325
"9/144 Brighton Road, Ripponlea",RIPPONLEA,3185,Port Philip City Council - Greater Area,ApartmentUnitFlat,2.0,1.0,1,400
"5/21 Ruskin Street, Elwood",ELWOOD,3184,Port Philip City Council - Greater Area,ApartmentUnitFlat,1.0,1.0,0,290
"1/98 Glen Huntly Rd, Elwood",ELWOOD,3184,Port Philip City Council - Greater Area,ApartmentUnitFlat,2.0,1.0,0,330
"2/9 Southey Street, Elwood",ELWOOD,3184,Port Philip City Council - Greater Area,ApartmentUnitFlat,1.0,1.0,0,300
"6/70 Albert Road, South Melbourne",SOUTH MELBOURNE,3205,Port Philip City Council - Greater Area,ApartmentUnitFlat,1.0,1.0,1,360
"2/58 Spray Street, Elwood",ELWOOD,3184,Port Philip City Council - Greater Area,ApartmentUnitFlat,2.0,1.0,1,320
"413/163 Inkerman Street, St Kilda",ST KILDA,3182,Port Philip City Council - Greater Area,ApartmentUnitFlat,2.0,1.0,1,380
"11/53 Blessington Street, St Kilda",ST KILDA,3182,Port Philip City Council - Greater Area,ApartmentUnitFlat,1.0,1.0,0,365
"104/36 Dianella Lane, Balaclava",BALACLAVA,3183,Port Philip City Council - Greater Area,ApartmentUnitFlat,1.0,2.0,0,380
"7/34 Princes Street, St Kilda",ST KILDA,3182,Port Philip City Council - Greater Area,ApartmentUnitFlat,1.0,1.0,0,370
"22/31 Upton Road, Windsor",WINDSOR,3181,Port Philip City Council - Greater Area,ApartmentUnitFlat,2.0,1.0,1,380
"43/16A Chapel Street, St Kilda",ST KILDA,3182,Port Philip City Council - Greater Area,ApartmentUnitFlat,1.0,1.0,1,325
"206/173-177 Barkly Street, St Kilda",ST KILDA,3182,Port Philip City Council - Greater Area,ApartmentUnitFlat,1.0,1.0,1,HE 
"719/65 Acland Street, St Kilda",ST KILDA,3182,Port Philip City Council - Greater Area,ApartmentUnitFlat,1.0,1.0,0,250
"4/12 Charlotte Place, St Kilda",ST KILDA,3182,Port Philip City Council - Greater Area,ApartmentUnitFlat,1.0,1.0,0,345
"1/28 Grey Street, St Kilda",ST KILDA,3182,Port Philip City Council - Greater Area,ApartmentUnitFlat,2.0,1.0,0,350
"4/14 Marriott Street, St Kilda",ST KILDA,3182,Port Philip City Council - Greater Area,ApartmentUnitFlat,2.0,1.0,1,335
"4/34 Barkly Street, St Kilda",ST KILDA,3182,Port Philip City Council - Greater Area,ApartmentUnitFlat,2.0,1.0,0,375
"5/251 Brighton Road, Elwood",ELWOOD,3184,Port Philip City Council - Greater Area,ApartmentUnitFlat,2.0,1.0,1,395
"307/211 Dorcas Street, South Melbourne",SOUTH MELBOURNE,3205,Port Philip City Council - Greater Area,ApartmentUnitFlat,2.0,1.0,1,400
"8/8 Austin Avenue, Elwood",ELWOOD,3184,Port Philip City Council - Greater Area,ApartmentUnitFlat,2.0,1.0,0,295
"7/41 Longmore Street, St Kilda West",ST KILDA WEST,3182,Port Philip City Council - Greater Area,ApartmentUnitFlat,2.0,1.0,0,350
"4/10 Burnett Street, St Kilda",ST KILDA,3182,Port Philip City Council - Greater Area,ApartmentUnitFlat,1.0,1.0,1,360
"4/47 Brighton Road, St Kilda",ST KILDA,3182,Port Philip City Council - Greater Area,ApartmentUnitFlat,1.0,1.0,1,330
"8/39 Byron Street, Elwood",ELWOOD,3184,Port Philip City Council - Greater Area,ApartmentUnitFlat,1.0,1.0,0,295
"63 Fitzroy Street, St Kilda",ST KILDA,3182,Port Philip City Council - Greater Area,ApartmentUnitFlat,1.0,1.0,1,250
"106/63 Fitzroy Street, St Kilda",ST KILDA,3182,Port Philip City Council - Greater Area,ApartmentUnitFlat,1.0,1.0,1,250
"4/9 Marlton Crescent, St Kilda",ST KILDA,3182,Port Philip City Council - Greater Area,ApartmentUnitFlat,2.0,1.0,0,380
"15/14 The Avenue, Windsor",WINDSOR,3181,Port Philip City Council - Greater Area,ApartmentUnitFlat,2.0,1.0,1,390
"17/13 Crimea Street, St Kilda",ST KILDA,3182,Port Philip City Council - Greater Area,ApartmentUnitFlat,1.0,1.0,1,280
"4/33 Charnwood Road, St Kilda",ST KILDA,3182,Port Philip City Council - Greater Area,ApartmentUnitFlat,1.0,1.0,1,295
"718/65 Acland Street, St Kilda",ST KILDA,3182,Port Philip City Council - Greater Area,ApartmentUnitFlat,1.0,1.0,0,250
"6/19 Redan Street, St Kilda",ST KILDA,3182,Port Philip City Council - Greater Area,ApartmentUnitFlat,2.0,1.0,1,395
"1/14 Austin Avenue, Elwood",ELWOOD,3184,Port Philip City Council - Greater Area,ApartmentUnitFlat,1.0,1.0,1,300
"1/151 Glen Huntly Rd, Elwood",ELWOOD,3184,Port Philip City Council - Greater Area,ApartmentUnitFlat,1.0,1.0,1,375
"1/61 Canterbury Road, Middle Park",MIDDLE PARK,3206,Port Philip City Council - Greater Area,ApartmentUnitFlat,2.0,1.0,0,320
"222/133 Fitzroy Street, St Kilda",ST KILDA,3182,Port Philip City Council - Greater Area,CarSpace,1.0,1.0,1,50 
"207/63 Fitzroy Street, St Kilda",ST KILDA,3182,Port Philip City Council - Greater Area,Studio,1.0,1.0,0,250
"106/63 Fitzroy Street, St Kilda",ST KILDA,3182,Port Philip City Council - Greater Area,Studio,1.0,1.0,0,250
"1/6-8 Glen Eira Road, Ripponlea",RIPPONLEA,3185,Port Philip City Council - Greater Area,ApartmentUnitFlat,2.0,1.0,0,340
"9/17 Byrne Avenue, Elwood",ELWOOD,3184,Port Philip City Council - Greater Area,ApartmentUnitFlat,1.0,1.0,1,380
"506/62 Carlisle Street, St Kilda",ST KILDA,3182,Port Philip City Council - Greater Area,Studio,1.0,1.0,0,260
"4/520 City Rd, South Melbourne",SOUTH MELBOURNE,3205,Port Philip City Council - Greater Area,Studio,1.0,1.0,0,220
"2/45 Clyde Street, St Kilda",ST KILDA,3182,Port Philip City Council - Greater Area,ApartmentUnitFlat,1.0,1.0,1,375
"3/520 City Road, South Melbourne",SOUTH MELBOURNE,3205,Port Philip City Council - Greater Area,ApartmentUnitFlat,1.0,1.0,0,260
"63 Fitzroy Street, St Kilda",ST KILDA,3182,Port Philip City Council - Greater Area,ApartmentUnitFlat,1.0,1.0,0,250
"2/3 Belford Street, St Kilda",ST KILDA,3182,Port Philip City Council - Greater Area,ApartmentUnitFlat,1.0,1.0,0,360
"211/12-18 Martin Street, St Kilda",ST KILDA,3182,Port Philip City Council - Greater Area,ApartmentUnitFlat,1.0,1.0,0,300
"10/28 Park Road, Middle Park",MIDDLE PARK,3206,Port Philip City Council - Greater Area,ApartmentUnitFlat,1.0,1.0,1,390
"506/181 St Kilda Road, St Kilda",ST KILDA,3182,Port Philip City Council - Greater Area,ApartmentUnitFlat,1.0,1.0,0,340
"9/57 Southey Street, Elwood",ELWOOD,3184,Port Philip City Council - Greater Area,ApartmentUnitFlat,1.0,1.0,0,280
"1704/89 Gladstone Street, South Melbourne",SOUTH MELBOURNE,3205,Port Philip City Council - Greater Area,ApartmentUnitFlat,1.0,1.0,0,400
"21/14 Mitford Street, St Kilda",ST KILDA,3182,Port Philip City Council - Greater Area,ApartmentUnitFlat,2.0,1.0,1,375
"3/3 Burke Road, Malvern East",MALVERN EAST,3145,Stonnington - Greater Area,ApartmentUnitFlat,2.0,1.0,1,390
"1/7 The Grange, Malvern East",MALVERN EAST,3145,Stonnington - Greater Area,ApartmentUnitFlat,2.0,1.0,1,375
"21/298 Williams Road, Toorak",TOORAK,3142,Stonnington - Greater Area,ApartmentUnitFlat,1.0,1.0,0,290
"9/42 Porter Street, Prahran",PRAHRAN,3181,Stonnington - Greater Area,ApartmentUnitFlat,1.0,1.0,0,340
"7/3-5 Chomley Street, Prahran",PRAHRAN,3181,Stonnington - Greater Area,ApartmentUnitFlat,2.0,1.0,0,390
"10/17 Clarke Street, Prahran",PRAHRAN,3181,Stonnington - Greater Area,ApartmentUnitFlat,1.0,1.0,1,300
"2/227 Chapel Street, Prahran",PRAHRAN,3181,Stonnington - Greater Area,ApartmentUnitFlat,2.0,1.0,0,400
"21/997 Dandenong Road, Malvern East",MALVERN EAST,3145,Stonnington - Greater Area,ApartmentUnitFlat,1.0,1.0,1,300
"1/5 Peak Street, Malvern East",MALVERN EAST,3145,Stonnington - Greater Area,ApartmentUnitFlat,1.0,1.0,1,350
"413/839 Dandenong Road, Malvern East",MALVERN EAST,3145,Stonnington - Greater Area,ApartmentUnitFlat,1.0,1.0,1,320
"6b/5 Warner St, Malvern",MALVERN,3144,Stonnington - Greater Area,ApartmentUnitFlat,1.0,1.0,1,400
"12/2a Burnie Street, Toorak",TOORAK,3142,Stonnington - Greater Area,ApartmentUnitFlat,1.0,1.0,1,320
"4/30 Oak Grove, Malvern East",MALVERN EAST,3145,Stonnington - Greater Area,ApartmentUnitFlat,1.0,1.0,1,265
"8/42 Eastbourne Street, Prahran",PRAHRAN,3181,Stonnington - Greater Area,ApartmentUnitFlat,1.0,1.0,1,310
"311/2 Clarence Street, Malvern East",MALVERN EAST,3145,Stonnington - Greater Area,ApartmentUnitFlat,1.0,1.0,1,350
"9/20 Valentine Grove, Armadale",ARMADALE,3143,Stonnington - Greater Area,ApartmentUnitFlat,1.0,1.0,0,325
"9/26 Gladstone Avenue, Armadale",ARMADALE,3143,Stonnington - Greater Area,ApartmentUnitFlat,2.0,1.0,1,400
"9/28 Elgin Avenue, Armadale",ARMADALE,3143,Stonnington - Greater Area,ApartmentUnitFlat,2.0,1.0,1,380
"10/38 Wattletree Road, Armadale",ARMADALE,3143,Stonnington - Greater Area,ApartmentUnitFlat,1.0,1.0,0,320
"12/3 Acre Place, Malvern",MALVERN,3144,Stonnington - Greater Area,ApartmentUnitFlat,2.0,1.0,1,375
"6/65-69 Station Street, Malvern",MALVERN,3144,Stonnington - Greater Area,ApartmentUnitFlat,1.0,1.0,1,350
"11/47 Kooyong Road, Armadale",ARMADALE,3143,Stonnington - Greater Area,ApartmentUnitFlat,1.0,1.0,1,260
"11/65 Paxton Street, Malvern East",MALVERN EAST,3145,Stonnington - Greater Area,ApartmentUnitFlat,2.0,1.0,1,350
"4/1800 Malvern Road, Malvern East",MALVERN EAST,3145,Stonnington - Greater Area,ApartmentUnitFlat,1.0,1.0,2,375
"16/1 Clendon Road, Armadale",ARMADALE,3143,Stonnington - Greater Area,ApartmentUnitFlat,1.0,1.0,1,340
"4/25 The Avenue, Malvern East",MALVERN EAST,3145,Stonnington - Greater Area,ApartmentUnitFlat,1.0,1.0,1,255
"8/77 Wattletree Road, Armadale",ARMADALE,3143,Stonnington - Greater Area,ApartmentUnitFlat,1.0,1.0,1,305
"6/25 The Avenue, Malvern East",MALVERN EAST,3145,Stonnington - Greater Area,ApartmentUnitFlat,1.0,1.0,1,260
"2/313 Dandenong Road, Prahran",PRAHRAN,3181,Stonnington - Greater Area,ApartmentUnitFlat,1.0,1.0,2,325
"59//145 Canterbury Road, Toorak",TOORAK,3142,Stonnington - Greater Area,ApartmentUnitFlat,1.0,1.0,0,220
"11/915 Dandenong Road, Malvern East",MALVERN EAST,3145,Stonnington - Greater Area,ApartmentUnitFlat,2.0,1.0,1,395
"208/7 King Street, Prahran",PRAHRAN,3181,Stonnington - Greater Area,ApartmentUnitFlat,1.0,1.0,1,400
"7/42 Alfred Street, Prahran",PRAHRAN,3181,Stonnington - Greater Area,ApartmentUnitFlat,2.0,1.0,0,400
"5/8-10 Sutherland Road, Armadale",ARMADALE,3143,Stonnington - Greater Area,ApartmentUnitFlat,2.0,1.0,1,400
"10/74 Denbigh Road, Armadale",ARMADALE,3143,Stonnington - Greater Area,ApartmentUnitFlat,1.0,1.0,1,350
"11/9-10 Sydney Street, Prahran",PRAHRAN,3181,Stonnington - Greater Area,ApartmentUnitFlat,2.0,1.0,1,450
"10/54 Sutherland Road, Armadale",ARMADALE,3143,Stonnington - Greater Area,ApartmentUnitFlat,1.0,1.0,1,310
"11/712 Orrong Road, Toorak",TOORAK,3142,Stonnington - Greater Area,ApartmentUnitFlat,1.0,1.0,0,375
"7/22 Trinian Street, Prahran",PRAHRAN,3181,Stonnington - Greater Area,ApartmentUnitFlat,1.0,1.0,1,360
"8/1 The Avenue, Prahran",PRAHRAN,3181,Stonnington - Greater Area,ApartmentUnitFlat,1.0,1.0,1,350
"7/15 Hampden Road, Armadale",ARMADALE,3143,Stonnington - Greater Area,ApartmentUnitFlat,2.0,1.0,0,370
"116/72-76 High Street, Prahran",PRAHRAN,3181,Stonnington - Greater Area,ApartmentUnitFlat,1.0,1.0,0,230
"97-99 Kooyong Road, Armadale",ARMADALE,3143,Stonnington - Greater Area,ApartmentUnitFlat,1.0,1.0,1,300
"30/202 Wattletree Road, Malvern",MALVERN,3144,Stonnington - Greater Area,ApartmentUnitFlat,1.0,1.0,1,360
"202/8C Evergreen Mews, Armadale",ARMADALE,3143,Stonnington - Greater Area,ApartmentUnitFlat,1.0,1.0,1,379
"4/15 Egerton Road, Armadale",ARMADALE,3143,Stonnington - Greater Area,ApartmentUnitFlat,2.0,1.0,1,400
"5/54 Peel Street, Prahran",PRAHRAN,3181,Stonnington - Greater Area,ApartmentUnitFlat,2.0,1.0,1,345
"402/865 Dandenong Road, Malvern East",MALVERN EAST,3145,Stonnington - Greater Area,ApartmentUnitFlat,1.0,1.0,1,370
"9/76 Mathoura Road, Toorak",TOORAK,3142,Stonnington - Greater Area,ApartmentUnitFlat,2.0,1.0,1,395
"1/6 Closeburn Avenue, Prahran",PRAHRAN,3181,Stonnington - Greater Area,ApartmentUnitFlat,2.0,1.0,1,360
"9/647 Toorak Road, Toorak",TOORAK,3142,Stonnington - Greater Area,ApartmentUnitFlat,1.0,1.0,1,345
"3/K7 High Street, Prahran",PRAHRAN,3181,Stonnington - Greater Area,ApartmentUnitFlat,1.0,1.0,0,330
"8/11 Tooronga Road, Malvern",MALVERN,3144,Stonnington - Greater Area,ApartmentUnitFlat,2.0,1.0,1,320
"8/2 Lawnhill Road, Malvern",MALVERN,3144,Stonnington - Greater Area,ApartmentUnitFlat,1.0,1.0,1,295
"7/11 Tooronga Road, Malvern",MALVERN,3144,Stonnington - Greater Area,ApartmentUnitFlat,2.0,1.0,1,320
"10/1 Oxford Street, Malvern",MALVERN,3144,Stonnington - Greater Area,ApartmentUnitFlat,2.0,1.0,1,400
"9/64 Stanhope Street, Malvern",MALVERN,3144,Stonnington - Greater Area,ApartmentUnitFlat,1.0,1.0,0,300
"3/270 Williams Rd, Toorak",TOORAK,3142,Stonnington - Greater Area,ApartmentUnitFlat,1.0,1.0,1,285
"4/693 Malvern Road, Toorak",TOORAK,3142,Stonnington - Greater Area,ApartmentUnitFlat,2.0,1.0,1,375
"6/527 Dandenong Road, Armadale",ARMADALE,3143,Stonnington - Greater Area,ApartmentUnitFlat,2.0,1.0,1,370
"7/42-46 Parslow Street, Malvern",MALVERN,3144,Stonnington - Greater Area,ApartmentUnitFlat,2.0,1.0,1,400
"8/37 Greville Street, Prahran",PRAHRAN,3181,Stonnington - Greater Area,ApartmentUnitFlat,1.0,1.0,1,325
"2/15 Repton Road, Malvern East",MALVERN EAST,3145,Stonnington - Greater Area,ApartmentUnitFlat,2.0,1.0,1,390
"11/696 Waverley Road, Malvern East",MALVERN EAST,3145,Stonnington - Greater Area,ApartmentUnitFlat,1.0,1.0,1,280
"8/273 Williams Road, Toorak",TOORAK,3142,Stonnington - Greater Area,ApartmentUnitFlat,1.0,1.0,0,315
"7/6 Finlayson Street, Malvern",MALVERN,3144,Stonnington - Greater Area,ApartmentUnitFlat,2.0,1.0,1,400
"14/5 Gooch Street, Prahran",PRAHRAN,3181,Stonnington - Greater Area,ApartmentUnitFlat,2.0,1.0,1,370
"2/330 High Street, Prahran",PRAHRAN,3181,Stonnington - Greater Area,ApartmentUnitFlat,1.0,1.0,1,320
"8/1069 Malvern Road, Toorak",TOORAK,3142,Stonnington - Greater Area,ApartmentUnitFlat,2.0,1.0,1,400
"6/2A Closeburn Avenue, Prahran",PRAHRAN,3181,Stonnington - Greater Area,ApartmentUnitFlat,1.0,1.0,1,310
"2/30 Wynnstay Road, Prahran",PRAHRAN,3181,Stonnington - Greater Area,ApartmentUnitFlat,2.0,1.0,0,340
"21/5 Gordon Street, Toorak",TOORAK,3142,Stonnington - Greater Area,ApartmentUnitFlat,1.0,1.0,0,295
"8/10 Sydney Street, Prahran",PRAHRAN,3181,Stonnington - Greater Area,ApartmentUnitFlat,2.0,1.0,1,320
"7/670 Malvern Road, Prahran",PRAHRAN,3181,Stonnington - Greater Area,ApartmentUnitFlat,1.0,1.0,1,330
"18/1 Duncraig Avenue, Armadale",ARMADALE,3143,Stonnington - Greater Area,ApartmentUnitFlat,2.0,1.0,1,385
"19/637 Orrong Road, Toorak",TOORAK,3142,Stonnington - Greater Area,ApartmentUnitFlat,2.0,1.0,1,395
"5/10 Sydney Street, Prahran",PRAHRAN,3181,Stonnington - Greater Area,ApartmentUnitFlat,2.0,1.0,1,400
"1/34 Wynnstay Road, Prahran",PRAHRAN,3181,Stonnington - Greater Area,ApartmentUnitFlat,1.0,1.0,1,290
"1/225 Glenferrie Road, Malvern",MALVERN,3144,Stonnington - Greater Area,Studio,2.0,1.0,0,380
"1/860 High Street, Armadale",ARMADALE,3143,Stonnington - Greater Area,ApartmentUnitFlat,1.0,1.0,1,270
"1018 High Street, Armadale",ARMADALE,3143,Stonnington - Greater Area,ApartmentUnitFlat,2.0,1.0,1,400
"4/3 Ellesmere Road, Prahran",PRAHRAN,3181,Stonnington - Greater Area,ApartmentUnitFlat,1.0,1.0,1,350
"3/387 Dandenong Road, Armadale",ARMADALE,3143,Stonnington - Greater Area,ApartmentUnitFlat,2.0,1.0,0,340
"5/6 Williams Road, Prahran",PRAHRAN,3181,Stonnington - Greater Area,ApartmentUnitFlat,2.0,1.0,1,285
"14/789 Malvern Road, Toorak",TOORAK,3142,Stonnington - Greater Area,ApartmentUnitFlat,2.0,1.0,1,325
"4/38 Wynnstay Road, Prahran",PRAHRAN,3181,Stonnington - Greater Area,ApartmentUnitFlat,2.0,1.0,1,370
"7/2A Closeburn Avenue, Prahran",PRAHRAN,3181,Stonnington - Greater Area,ApartmentUnitFlat,1.0,1.0,1,275
"3/195 Waverley Road, Malvern East",MALVERN EAST,3145,Stonnington - Greater Area,ApartmentUnitFlat,2.0,1.0,1,380
"3/1 Bates Street, Malvern East",MALVERN EAST,3145,Stonnington - Greater Area,ApartmentUnitFlat,2.0,1.0,1,350
"7/18 Stonnington Place, Toorak",TOORAK,3142,Stonnington - Greater Area,Studio,1.0,1.0,1,250
"1/22 Tintern Avenue, Toorak",TOORAK,3142,Stonnington - Greater Area,ApartmentUnitFlat,2.0,1.0,1,350
"7/1-3 Kooyong Road, Armadale",ARMADALE,3143,Stonnington - Greater Area,ApartmentUnitFlat,2.0,1.0,2,365
"201/2a Clarence Street, Malvern East",MALVERN EAST,3145,Stonnington - Greater Area,ApartmentUnitFlat,2.0,1.0,1,360
"10/2-4 Warra Street, Toorak",TOORAK,3142,Stonnington - Greater Area,ApartmentUnitFlat,2.0,1.0,1,320
"1/18 Stonnington Place, Toorak",TOORAK,3142,Stonnington - Greater Area,ApartmentUnitFlat,2.0,1.0,1,380
"1/1-3 Barkly Avenue, Armadale",ARMADALE,3143,Stonnington - Greater Area,ApartmentUnitFlat,2.0,1.0,0,360
"7/36 Clarke Street, Prahran",PRAHRAN,3181,Stonnington - Greater Area,ApartmentUnitFlat,1.0,1.0,0,300
"1/1A Washington Street, Toorak",TOORAK,3142,Stonnington - Greater Area,ApartmentUnitFlat,2.0,1.0,0,360
"14/27 St Georges Road, Armadale",ARMADALE,3143,Stonnington - Greater Area,ApartmentUnitFlat,1.0,1.0,1,300
"24/6-8 Avondale Road, Armadale",ARMADALE,3143,Stonnington - Greater Area,ApartmentUnitFlat,2.0,1.0,0,360
"308/42 Porter Street, Prahran",PRAHRAN,3181,Stonnington - Greater Area,ApartmentUnitFlat,1.0,1.0,0,250
"4/27 St Georges Road, Armadale",ARMADALE,3143,Stonnington - Greater Area,ApartmentUnitFlat,2.0,1.0,1,310
"Winter Street, Malvern",MALVERN,3144,Stonnington - Greater Area,ApartmentUnitFlat,1.0,1.0,1,320
"305/141 Waverley Road, Malvern East",MALVERN EAST,3145,Stonnington - Greater Area,Studio,1.0,1.0,0,180
"5/42 Winter Street, Malvern",MALVERN,3144,Stonnington - Greater Area,ApartmentUnitFlat,1.0,1.0,1,320
"4/25 Irving Avenue, Prahran",PRAHRAN,3181,Stonnington - Greater Area,ApartmentUnitFlat,1.0,1.0,1,350
"117/141 Waverley Road, Malvern East",MALVERN EAST,3145,Stonnington - Greater Area,Studio,1.0,1.0,0,170
"8/3 Ellesmere Road, Prahran",PRAHRAN,3181,Stonnington - Greater Area,ApartmentUnitFlat,1.0,1.0,1,380
"12/61 Kooyong Road, Armadale",ARMADALE,3143,Stonnington - Greater Area,ApartmentUnitFlat,2.0,1.0,1,375
"110/8 Porter Street, Prahran",PRAHRAN,3181,Stonnington - Greater Area,ApartmentUnitFlat,1.0,1.0,0,275
"7/30 Finlayson Street, Malvern",MALVERN,3144,Stonnington - Greater Area,ApartmentUnitFlat,2.0,1.0,1,320
"511/42 Porter Street, Prahran",PRAHRAN,3181,Stonnington - Greater Area,ApartmentUnitFlat,1.0,1.0,0,200
"106/951 Dandenong Road, Malvern East",MALVERN EAST,3145,Stonnington - Greater Area,ApartmentUnitFlat,1.0,1.0,1,355
"415/42 Porter Street, Prahran",PRAHRAN,3181,Stonnington - Greater Area,ApartmentUnitFlat,1.0,1.0,1,300
"307/141 Waverley Road, Malvern East",MALVERN EAST,3145,Stonnington - Greater Area,Studio,1.0,1.0,0,190
"7/703 Malvern Road, Toorak",TOORAK,3142,Stonnington - Greater Area,ApartmentUnitFlat,1.0,1.0,1,350
"6/18 Johnstone Street, Malvern",MALVERN,3144,Stonnington - Greater Area,ApartmentUnitFlat,2.0,1.0,1,350
"103/201 High Street, Prahran",PRAHRAN,3181,Stonnington - Greater Area,ApartmentUnitFlat,1.0,1.0,0,380
"203/141 Waverley Road, Malvern East",MALVERN EAST,3145,Stonnington - Greater Area,Studio,1.0,1.0,0,180
"110/120a Greville Street, Prahran",PRAHRAN,3181,Stonnington - Greater Area,ApartmentUnitFlat,1.0,1.0,1,400
"110/120a Greville Street, Prahran",PRAHRAN,3181,Stonnington - Greater Area,ApartmentUnitFlat,1.0,1.0,1,400
"24/311 Dandenong Road, Prahran",PRAHRAN,3181,Stonnington - Greater Area,ApartmentUnitFlat,1.0,1.0,1,310
"G25/945 Dandenong Road, Malvern East",MALVERN EAST,3145,Stonnington - Greater Area,Studio,1.0,1.0,0,350
"G09/945 Dandenong Road, Malvern East",MALVERN EAST,3145,Stonnington - Greater Area,Studio,1.0,1.0,0,310
"205/945 Dandenong Road, Malvern East",MALVERN EAST,3145,Stonnington - Greater Area,Studio,1.0,1.0,0,330
"5/59 Tooronga Road, Malvern East",MALVERN EAST,3145,Stonnington - Greater Area,ApartmentUnitFlat,2.0,1.0,1,360
"112/903 Dandenong Road, Malvern East",MALVERN EAST,3145,Stonnington - Greater Area,ApartmentUnitFlat,2.0,1.0,0,350
"5/5 Warley Road, Malvern East",MALVERN EAST,3145,Stonnington - Greater Area,ApartmentUnitFlat,1.0,1.0,0,320
"8/2A Myoora Road, Toorak",TOORAK,3142,Stonnington - Greater Area,ApartmentUnitFlat,1.0,1.0,1,300
"18/20 Wynnstay Road, Prahran",PRAHRAN,3181,Stonnington - Greater Area,ApartmentUnitFlat,2.0,1.0,2,370
"7/1207 Dandenong Road, Malvern East",MALVERN EAST,3145,Stonnington - Greater Area,ApartmentUnitFlat,1.0,1.0,1,380
"13/647 Toorak Road, Toorak",TOORAK,3142,Stonnington - Greater Area,ApartmentUnitFlat,1.0,1.0,1,375
"3/712 Orrong Road, Toorak",TOORAK,3142,Stonnington - Greater Area,ApartmentUnitFlat,1.0,1.0,0,330
"102/60 Waverley Road, Malvern East",MALVERN EAST,3145,Stonnington - Greater Area,ApartmentUnitFlat,1.0,1.0,0,220
"15/1 Wrexham Road, Prahran",PRAHRAN,3181,Stonnington - Greater Area,ApartmentUnitFlat,1.0,1.0,1,320
"407/839 Dandenong Road, Malvern East",MALVERN EAST,3145,Stonnington - Greater Area,ApartmentUnitFlat,1.0,1.0,1,340
"302/8C Evergreen Mews, Armadale",ARMADALE,3143,Stonnington - Greater Area,ApartmentUnitFlat,1.0,1.0,1,400
"208/32 St Edmonds Road, Prahran",PRAHRAN,3181,Stonnington - Greater Area,Studio,1.0,1.0,0,250
"G07/1-5 Donald Street, Prahran",PRAHRAN,3181,Stonnington - Greater Area,ApartmentUnitFlat,1.0,1.0,0,230
"11/647 Toorak Road, Toorak",TOORAK,3142,Stonnington - Greater Area,ApartmentUnitFlat,1.0,1.0,1,370
"13/8 Sydney St, Prahran",PRAHRAN,3181,Stonnington - Greater Area,ApartmentUnitFlat,1.0,1.0,1,360
"33/17 Macquarie Street, Prahran",PRAHRAN,3181,Stonnington - Greater Area,ApartmentUnitFlat,1.0,1.0,0,200
"2/2a Washington Street, Toorak",TOORAK,3142,Stonnington - Greater Area,ApartmentUnitFlat,1.0,1.0,1,340
"8/1-3 Barkly Avenue, Armadale",ARMADALE,3143,Stonnington - Greater Area,ApartmentUnitFlat,2.0,1.0,0,340
"406/120 Greville Street, Prahran",PRAHRAN,3181,Stonnington - Greater Area,ApartmentUnitFlat,1.0,1.0,1,400
"121/42 Porter Street, Prahran",PRAHRAN,3181,Stonnington - Greater Area,ApartmentUnitFlat,1.0,1.0,0,240
"216/42 Porter Street, Prahran",PRAHRAN,3181,Stonnington - Greater Area,ApartmentUnitFlat,1.0,1.0,0,180
"205/1-5 Donald Street, Prahran",PRAHRAN,3181,Stonnington - Greater Area,ApartmentUnitFlat,1.0,1.0,0,245
"402/42 Porter Street, Prahran",PRAHRAN,3181,Stonnington - Greater Area,ApartmentUnitFlat,1.0,1.0,0,200
"411/839 Dandenong Road, Malvern East",MALVERN EAST,3145,Stonnington - Greater Area,ApartmentUnitFlat,1.0,1.0,1,320
"102/141 Waverley Road, Malvern East",MALVERN EAST,3145,Stonnington - Greater Area,Studio,1.0,1.0,0,190
"32 Saint Edmonds Road, Prahran",PRAHRAN,3181,Stonnington - Greater Area,ApartmentUnitFlat,1.0,1.0,1,295
"119/72-76 High Street, Prahran",PRAHRAN,3181,Stonnington - Greater Area,ApartmentUnitFlat,1.0,1.0,1,230
"304/2A Clarence Street, Malvern East",MALVERN EAST,3145,Stonnington - Greater Area,ApartmentUnitFlat,2.0,1.0,1,380
"116/141 Waverley Road, Malvern East",MALVERN EAST,3145,Stonnington - Greater Area,Studio,1.0,1.0,0,220
"205/72-76 High Street, Prahran",PRAHRAN,3181,Stonnington - Greater Area,ApartmentUnitFlat,2.0,1.0,1,320
"1/22 Hunter Street, Malvern",MALVERN,3144,Stonnington - Greater Area,ApartmentUnitFlat,2.0,1.0,1,375
"11/130 Williams Road, Prahran",PRAHRAN,3181,Stonnington - Greater Area,ApartmentUnitFlat,1.0,1.0,1,290
"14/11 Kooyong Rd, Armadale",ARMADALE,3143,Stonnington - Greater Area,ApartmentUnitFlat,1.0,1.0,1,300
"8/569 Orrong Road, Armadale",ARMADALE,3143,Stonnington - Greater Area,ApartmentUnitFlat,1.0,1.0,1,395
"6/50 Sutherland Road, Armadale",ARMADALE,3143,Stonnington - Greater Area,ApartmentUnitFlat,2.0,1.0,1,360
"401/42 Porter Street, Prahran",PRAHRAN,3181,Stonnington - Greater Area,ApartmentUnitFlat,1.0,1.0,0,230
"4/35 Winter Street, Malvern",MALVERN,3144,Stonnington - Greater Area,ApartmentUnitFlat,2.0,1.0,1,400
"412/42 Porter Street, Prahran",PRAHRAN,3181,Stonnington - Greater Area,ApartmentUnitFlat,1.0,1.0,0,275
"10/17 Macquarie Street, Prahran",PRAHRAN,3181,Stonnington - Greater Area,ApartmentUnitFlat,1.0,1.0,0,230
"4/639 Toorak Road, Toorak",TOORAK,3142,Stonnington - Greater Area,ApartmentUnitFlat,2.0,1.0,1,370
"208/72-76 High Street, Prahran",PRAHRAN,3181,Stonnington - Greater Area,ApartmentUnitFlat,2.0,1.0,1,370
"12/670 Malvern Road, Prahran",PRAHRAN,3181,Stonnington - Greater Area,ApartmentUnitFlat,1.0,1.0,1,280
"110/120a Greville Street, Prahran",PRAHRAN,3181,Stonnington - Greater Area,ApartmentUnitFlat,1.0,1.0,1,400
"10/11 Kooyong Road, Armadale",ARMADALE,3143,Stonnington - Greater Area,ApartmentUnitFlat,1.0,1.0,1,320
"8/15 McKinley Avenue, Malvern",MALVERN,3144,Stonnington - Greater Area,ApartmentUnitFlat,2.0,1.0,1,320
"7/30 Oak Grove, Malvern East",MALVERN EAST,3145,Stonnington - Greater Area,ApartmentUnitFlat,1.0,1.0,1,230
"G03/42 Porter Street, Prahran",PRAHRAN,3181,Stonnington - Greater Area,ApartmentUnitFlat,1.0,1.0,0,230
"106A/60 Waverley Road, Malvern East",MALVERN EAST,3145,Stonnington - Greater Area,ApartmentUnitFlat,3.0,2.0,0,195
"202/313-319 Waverley Road, Malvern East",MALVERN EAST,3145,Stonnington - Greater Area,Studio,1.0,1.0,0,250
"6/1113 Dandenong Road, Malvern East",MALVERN EAST,3145,Stonnington - Greater Area,ApartmentUnitFlat,1.0,1.0,2,295
"204/27 Macquarie Street, Prahran",PRAHRAN,3181,Stonnington - Greater Area,ApartmentUnitFlat,1.0,1.0,1,385
"22/72-76 High Street, Prahran",PRAHRAN,3181,Stonnington - Greater Area,ApartmentUnitFlat,1.0,1.0,0,260
"4/37 Wheatland Road, Malvern",MALVERN,3144,Stonnington - Greater Area,ApartmentUnitFlat,1.0,1.0,1,300
"204/60 Waverley Road, Malvern East",MALVERN EAST,3145,Stonnington - Greater Area,ApartmentUnitFlat,1.0,1.0,0,220
"2/28 Elgin Avenue, Armadale",ARMADALE,3143,Stonnington - Greater Area,ApartmentUnitFlat,2.0,1.0,1,375
"3/54 Peel Street, Prahran",PRAHRAN,3181,Stonnington - Greater Area,ApartmentUnitFlat,2.0,1.0,0,345
"4/806 Warrigal Road, Malvern East",MALVERN EAST,3145,Stonnington - Greater Area,ApartmentUnitFlat,2.0,1.0,1,315
"7/26 Armadale Street, Armadale",ARMADALE,3143,Stonnington - Greater Area,ApartmentUnitFlat,1.0,1.0,1,300
"12/66 Murray Street, Prahran",PRAHRAN,3181,Stonnington - Greater Area,ApartmentUnitFlat,1.0,1.0,1,275
"212/313-319 Waverley Road, Malvern East",MALVERN EAST,3145,Stonnington - Greater Area,Studio,1.0,1.0,0,200
"8/1 Ruabon Road, Toorak",TOORAK,3142,Stonnington - Greater Area,ApartmentUnitFlat,3.0,1.0,1,400
"14/5 Gordon Street, Toorak",TOORAK,3142,Stonnington - Greater Area,ApartmentUnitFlat,1.0,1.0,1,275
"404/42 Porter Street, Prahran",PRAHRAN,3181,Stonnington - Greater Area,ApartmentUnitFlat,1.0,1.0,0,235
"17/789 Malvern Road, Toorak",TOORAK,3142,Stonnington - Greater Area,ApartmentUnitFlat,1.0,1.0,1,285
"13/2 King Street, Prahran",PRAHRAN,3181,Stonnington - Greater Area,ApartmentUnitFlat,1.0,1.0,0,350
"G02/42 Porter Street, Prahran",PRAHRAN,3181,Stonnington - Greater Area,ApartmentUnitFlat,1.0,1.0,0,230
"G06/1-5 Donald Street, Prahran",PRAHRAN,3181,Stonnington - Greater Area,ApartmentUnitFlat,1.0,1.0,0,270
"4/997 Dandenong Road, Malvern East",MALVERN EAST,3145,Stonnington - Greater Area,ApartmentUnitFlat,2.0,1.0,1,330
"41/6 Williams Road, Prahran",PRAHRAN,3181,Stonnington - Greater Area,ApartmentUnitFlat,1.0,1.0,1,270
"314/141 Waverley Road, Malvern East",MALVERN EAST,3145,Stonnington - Greater Area,Studio,1.0,1.0,0,240
"9/379 Dandenong Road, Armadale",ARMADALE,3143,Stonnington - Greater Area,ApartmentUnitFlat,2.0,1.0,1,390
"207/313-319 Waverley Road, Malvern East",MALVERN EAST,3145,Stonnington - Greater Area,Studio,1.0,1.0,0,230
"114/313-319 Waverley Road, Malvern East",MALVERN EAST,3145,Stonnington - Greater Area,Studio,1.0,1.0,0,200
"215/313-319 Waverley Road, Malvern East",MALVERN EAST,3145,Stonnington - Greater Area,Studio,1.0,1.0,0,200
"605/36 Regent Street, Richmond",RICHMOND,3121,Yarra City Council - Greater Area,House,1.0,1.0,1,400
"505/154 Cremorne Street, Richmond",RICHMOND,3121,Yarra City Council - Greater Area,ApartmentUnitFlat,1.0,1.0,1,375
"913/631 Victoria Street, Abbotsford",ABBOTSFORD,3067,Yarra City Council - Greater Area,ApartmentUnitFlat,1.0,1.0,1,400
"414/30 Burnley Street, Richmond",RICHMOND,3121,Yarra City Council - Greater Area,ApartmentUnitFlat,1.0,1.0,1,400
"315/20 Shamrock Stret, Abbotsford",ABBOTSFORD,3067,Yarra City Council - Greater Area,ApartmentUnitFlat,1.0,1.0,0,350
"217a/1 Acacia Place, Abbotsford",ABBOTSFORD,3067,Yarra City Council - Greater Area,ApartmentUnitFlat,1.0,1.0,0,375
"8/15 Sherwood Street, Richmond",RICHMOND,3121,Yarra City Council - Greater Area,ApartmentUnitFlat,1.0,1.0,1,275
"210/205 Burnley Street, Richmond",RICHMOND,3121,Yarra City Council - Greater Area,ApartmentUnitFlat,1.0,1.0,1,390
"614c/11 Shamrock Street, Abbotsford",ABBOTSFORD,3067,Yarra City Council - Greater Area,ApartmentUnitFlat,1.0,1.0,0,400
"2/10 Burnley Street, Richmond",RICHMOND,3121,Yarra City Council - Greater Area,ApartmentUnitFlat,1.0,1.0,1,375
"6/57 Caroline Street, Clifton Hill",CLIFTON HILL,3068,Yarra City Council - Greater Area,ApartmentUnitFlat,2.0,1.0,1,400
"234/631 Victoria Street, Abbotsford",ABBOTSFORD,3067,Yarra City Council - Greater Area,ApartmentUnitFlat,1.0,1.0,1,400
"3/80 Trenerry Crescent, Abbotsford",ABBOTSFORD,3067,Yarra City Council - Greater Area,ApartmentUnitFlat,1.0,1.0,1,395
"401/39 Appleton Street, Richmond",RICHMOND,3121,Yarra City Council - Greater Area,ApartmentUnitFlat,1.0,1.0,1,380
"408/2 Mcgoun Street, Richmond",RICHMOND,3121,Yarra City Council - Greater Area,ApartmentUnitFlat,1.0,1.0,1,400
"3/1 Turner Street, Abbotsford",ABBOTSFORD,3067,Yarra City Council - Greater Area,ApartmentUnitFlat,1.0,1.0,1,400
"6/25 Rotherwood Street, Richmond",RICHMOND,3121,Yarra City Council - Greater Area,ApartmentUnitFlat,1.0,1.0,1,350
"418/601 Victoria Street, Abbotsford",ABBOTSFORD,3067,Yarra City Council - Greater Area,House,2.0,1.0,0,390
"614A/609 Victoria Street, Abbotsford",ABBOTSFORD,3067,Yarra City Council - Greater Area,ApartmentUnitFlat,1.0,1.0,1,375
"8/21-23 George Street, Fitzroy",FITZROY,3065,Yarra City Council - Greater Area,Studio,1.0,1.0,1,270
"3/96 York Street, Richmond",RICHMOND,3121,Yarra City Council - Greater Area,ApartmentUnitFlat,1.0,1.0,1,350
"207/70-74 Nicholson Street, Fitzroy",FITZROY,3065,Yarra City Council - Greater Area,House,1.0,1.0,0,350
"10/5 McGrath Court, Richmond",RICHMOND,3121,Yarra City Council - Greater Area,ApartmentUnitFlat,1.0,1.0,1,270
"12/182 Coppin Street, Richmond",RICHMOND,3121,Yarra City Council - Greater Area,ApartmentUnitFlat,1.0,1.0,1,290
"107/51 Napoleon Street, Collingwood",COLLINGWOOD,3066,Yarra City Council - Greater Area,ApartmentUnitFlat,1.0,1.0,0,400
"6/5-7 Princes Street, Abbotsford",ABBOTSFORD,3067,Yarra City Council - Greater Area,ApartmentUnitFlat,2.0,1.0,1,395
"4/42 Baker Street, Richmond",RICHMOND,3121,Yarra City Council - Greater Area,ApartmentUnitFlat,2.0,1.0,1,345
"3/10 Burnley Street, Richmond",RICHMOND,3121,Yarra City Council - Greater Area,ApartmentUnitFlat,1.0,1.0,1,400
"17/57 Caroline Street, Clifton Hill",CLIFTON HILL,3068,Yarra City Council - Greater Area,ApartmentUnitFlat,2.0,1.0,1,385
"4/20 Bellevue Street, Richmond",RICHMOND,3121,Yarra City Council - Greater Area,ApartmentUnitFlat,1.0,1.0,1,395
"304/2 Mcgoun Street, Richmond",RICHMOND,3121,Yarra City Council - Greater Area,ApartmentUnitFlat,1.0,1.0,1,375
"3/96 York Street, Richmond",RICHMOND,3121,Yarra City Council - Greater Area,ApartmentUnitFlat,1.0,1.0,1,350
"304/18 Grosvenor Street, Abbotsford",ABBOTSFORD,3067,Yarra City Council - Greater Area,ApartmentUnitFlat,2.0,1.0,0,400
"3/86 Stafford Street, Abbotsford",ABBOTSFORD,3067,Yarra City Council - Greater Area,ApartmentUnitFlat,1.0,1.0,1,300
"6/4 Wright Street, Clifton Hill",CLIFTON HILL,3068,Yarra City Council - Greater Area,ApartmentUnitFlat,1.0,1.0,1,325
"208/10 Stanley Street, Collingwood",COLLINGWOOD,3066,Yarra City Council - Greater Area,ApartmentUnitFlat,1.0,1.0,1,370
"407/136 Burnley Street, Richmond",RICHMOND,3121,Yarra City Council - Greater Area,ApartmentUnitFlat,2.0,1.0,0,390
"2/7 Westbank Terrace, Richmond",RICHMOND,3121,Yarra City Council - Greater Area,ApartmentUnitFlat,1.0,1.0,1,290
"6/10 Dickens Street, Richmond",RICHMOND,3121,Yarra City Council - Greater Area,ApartmentUnitFlat,2.0,1.0,1,320
"8/21-23 George Street, Fitzroy",FITZROY,3065,Yarra City Council - Greater Area,Studio,1.0,1.0,1,270
"401/20 Burnley Street, Richmond",RICHMOND,3121,Yarra City Council - Greater Area,ApartmentUnitFlat,1.0,1.0,1,390
"5/218 Lennox Street, Richmond",RICHMOND,3121,Yarra City Council - Greater Area,ApartmentUnitFlat,1.0,1.0,0,360
"6/8 Davis Street, Richmond",RICHMOND,3121,Yarra City Council - Greater Area,ApartmentUnitFlat,1.0,1.0,0,370
"406/20 Peel Street, Collingwood",COLLINGWOOD,3066,Yarra City Council - Greater Area,House,1.0,1.0,1,390
"12/44 Type Street, Richmond",RICHMOND,3121,Yarra City Council - Greater Area,ApartmentUnitFlat,1.0,1.0,1,275
"17/23 Davison Street, Richmond",RICHMOND,3121,Yarra City Council - Greater Area,ApartmentUnitFlat,1.0,1.0,0,295
"1/203 Punt Road, Richmond",RICHMOND,3121,Yarra City Council - Greater Area,ApartmentUnitFlat,1.0,1.0,0,320
"304/18 Grosvenor Street, Abbotsford",ABBOTSFORD,3067,Yarra City Council - Greater Area,ApartmentUnitFlat,2.0,1.0,0,400
"209/20 Shamrock Street, Abbotsford",ABBOTSFORD,3067,Yarra City Council - Greater Area,ApartmentUnitFlat,2.0,1.0,0,360
"2/343 Church Street, Richmond",RICHMOND,3121,Yarra City Council - Greater Area,ApartmentUnitFlat,1.0,1.0,1,400
"37/73 River Street, Richmond",RICHMOND,3121,Yarra City Council - Greater Area,ApartmentUnitFlat,1.0,1.0,1,395
"B516/20 Burnley Street, Richmond",RICHMOND,3121,Yarra City Council - Greater Area,ApartmentUnitFlat,1.0,1.0,1,390
"2/21-23 George Street, Fitzroy",FITZROY,3065,Yarra City Council - Greater Area,Studio,1.0,1.0,1,315
"4/106 Kent Street, Richmond",RICHMOND,3121,Yarra City Council - Greater Area,ApartmentUnitFlat,2.0,1.0,1,320
"5/56 John Street, Clifton Hill",CLIFTON HILL,3068,Yarra City Council - Greater Area,ApartmentUnitFlat,1.0,1.0,1,340
"B005/20 Burnley Street, Richmond",RICHMOND,3121,Yarra City Council - Greater Area,ApartmentUnitFlat,1.0,1.0,1,370
"16/160 Coppin Street, Richmond",RICHMOND,3121,Yarra City Council - Greater Area,ApartmentUnitFlat,1.0,1.0,1,330
"19 A Berry Street, Clifton Hill",CLIFTON HILL,3068,Yarra City Council - Greater Area,ApartmentUnitFlat,1.0,1.0,0,395
"21/72 Baker Street, Richmond",RICHMOND,3121,Yarra City Council - Greater Area,ApartmentUnitFlat,1.0,1.0,0,300
"5/7 Docker Street, Richmond",RICHMOND,3121,Yarra City Council - Greater Area,ApartmentUnitFlat,2.0,1.0,1,350
"11LG/11 Flockhart Street, Abbotsford",ABBOTSFORD,3067,Yarra City Council - Greater Area,ApartmentUnitFlat,1.0,1.0,1,390
"1/17 Stillman Street, Richmond",RICHMOND,3121,Yarra City Council - Greater Area,ApartmentUnitFlat,1.0,1.0,1,350
"3/15-17 Bendigo Street, Collingwood",COLLINGWOOD,3066,Yarra City Council - Greater Area,ApartmentUnitFlat,1.0,1.0,1,350
"2/15-17 Bendigo Street, Collingwood",COLLINGWOOD,3066,Yarra City Council - Greater Area,ApartmentUnitFlat,1.0,1.0,1,350
"15/46-50 Baker Street, Richmond",RICHMOND,3121,Yarra City Council - Greater Area,ApartmentUnitFlat,2.0,1.0,1,340
"506/4 Acacia Place, Abbotsford",ABBOTSFORD,3067,Yarra City Council - Greater Area,ApartmentUnitFlat,1.0,1.0,0,310
"18/46-50 Baker Street, Richmond",RICHMOND,3121,Yarra City Council - Greater Area,ApartmentUnitFlat,1.0,1.0,1,280
"216/300 Young Street, Fitzroy",FITZROY,3065,Yarra City Council - Greater Area,ApartmentUnitFlat,1.0,1.0,1,400
"13/96 Spensley Street, Clifton Hill",CLIFTON HILL,3068,Yarra City Council - Greater Area,ApartmentUnitFlat,2.0,1.0,1,400
"204/466-470 Smith Street, Collingwood",COLLINGWOOD,3066,Yarra City Council - Greater Area,ApartmentUnitFlat,1.0,1.0,0,395
"307/37-39 Bosisto Street, Richmond",RICHMOND,3121,Yarra City Council - Greater Area,ApartmentUnitFlat,1.0,1.0,1,350
"5/96A Sackville st, Collingwood",COLLINGWOOD,3066,Yarra City Council - Greater Area,ApartmentUnitFlat,1.0,1.0,1,305
"7/26 Elm Grove, Richmond",RICHMOND,3121,Yarra City Council - Greater Area,ApartmentUnitFlat,2.0,1.0,1,380
"8/2-4 Bendigo St, Richmond",RICHMOND,3121,Yarra City Council - Greater Area,ApartmentUnitFlat,2.0,1.0,1,400
"8/87 Westbank Terrace, Richmond",RICHMOND,3121,Yarra City Council - Greater Area,ApartmentUnitFlat,1.0,1.0,1,400
"3/262 Alexandra Parade East, Clifton Hill",CLIFTON HILL,3068,Yarra City Council - Greater Area,ApartmentUnitFlat,1.0,1.0,1,335
"Rear/445 George Street, Fitzroy",FITZROY,3065,Yarra City Council - Greater Area,Studio,1.0,1.0,0,300
"216/20 Burnley Street, Richmond",RICHMOND,3121,Yarra City Council - Greater Area,ApartmentUnitFlat,1.0,1.0,1, 39
"14/4 Smith Street, Richmond",RICHMOND,3121,Yarra City Council - Greater Area,ApartmentUnitFlat,1.0,1.0,1,300
"2/223 Punt Road, Richmond",RICHMOND,3121,Yarra City Council - Greater Area,House,1.0,1.0,2,400
"214/243 Bridge Road, Richmond",RICHMOND,3121,Yarra City Council - Greater Area,ApartmentUnitFlat,1.0,1.0,1,390
"20/2 The Vaucluse, Richmond",RICHMOND,3121,Yarra City Council - Greater Area,ApartmentUnitFlat,1.0,1.0,1,350
"412/253 Bridge Road, Richmond",RICHMOND,3121,Yarra City Council - Greater Area,ApartmentUnitFlat,1.0,1.0,1,400
"9/100 Easey Street, Collingwood",COLLINGWOOD,3066,Yarra City Council - Greater Area,ApartmentUnitFlat,1.0,1.0,1,325
"206/360 Burnley Street, Richmond",RICHMOND,3121,Yarra City Council - Greater Area,ApartmentUnitFlat,1.0,1.0,1,400
"103/61 Stawell Street, Richmond",RICHMOND,3121,Yarra City Council - Greater Area,ApartmentUnitFlat,1.0,1.0,1,395
"11/2 The Vaucluse, Richmond",RICHMOND,3121,Yarra City Council - Greater Area,ApartmentUnitFlat,1.0,1.0,1,340
"104/36-38 Bedford Street, Collingwood",COLLINGWOOD,3066,Yarra City Council - Greater Area,ApartmentUnitFlat,1.0,1.0,1,400
"205D/21 Robert Street, Collingwood",COLLINGWOOD,3066,Yarra City Council - Greater Area,ApartmentUnitFlat,1.0,1.0,1,400
"5/15 Bosisto Street, Richmond",RICHMOND,3121,Yarra City Council - Greater Area,ApartmentUnitFlat,1.0,1.0,1,260
"E119/11 Flockhart Street, Abbotsford",ABBOTSFORD,3067,Yarra City Council - Greater Area,ApartmentUnitFlat,1.0,1.0,1,380
"604/338 Gore Street, Fitzroy",FITZROY,3065,Yarra City Council - Greater Area,ApartmentUnitFlat,1.0,1.0,1,400
"6/39-45 Somerset Street, Richmond",RICHMOND,3121,Yarra City Council - Greater Area,ApartmentUnitFlat,1.0,1.0,1,270
"207/61 Stawell Street, Richmond",RICHMOND,3121,Yarra City Council - Greater Area,ApartmentUnitFlat,1.0,1.0,1,390
"13/86 Burnley Street, Richmond",RICHMOND,3121,Yarra City Council - Greater Area,ApartmentUnitFlat,1.0,1.0,1,360
"6/100 Easey Street, Collingwood",COLLINGWOOD,3066,Yarra City Council - Greater Area,ApartmentUnitFlat,1.0,1.0,1,300
"303A/8 Grosvenor Street, Abbotsford",ABBOTSFORD,3067,Yarra City Council - Greater Area,ApartmentUnitFlat,2.0,1.0,0,320
"1/65 Elizabeth Street, Richmond",RICHMOND,3121,Yarra City Council - Greater Area,ApartmentUnitFlat,1.0,1.0,1,340
"704/136 Burnley Street, Richmond",RICHMOND,3121,Yarra City Council - Greater Area,ApartmentUnitFlat,1.0,1.0,0,395
"5/20 Bellevue Street, Richmond",RICHMOND,3121,Yarra City Council - Greater Area,ApartmentUnitFlat,1.0,1.0,1,350
"Y109/125 Turner Street, Abbotsford",ABBOTSFORD,3067,Yarra City Council - Greater Area,ApartmentUnitFlat,1.0,1.0,1,370
"3/31-33 Heidelberg Road, Clifton Hill",CLIFTON HILL,3068,Yarra City Council - Greater Area,ApartmentUnitFlat,2.0,1.0,1,360
"5/5 Berry Street, Clifton Hill",CLIFTON HILL,3068,Yarra City Council - Greater Area,ApartmentUnitFlat,1.0,1.0,1,300
"6/44 Coppin Street, Richmond",RICHMOND,3121,Yarra City Council - Greater Area,ApartmentUnitFlat,2.0,1.0,2,395
"20/8 Hull Street, Richmond",RICHMOND,3121,Yarra City Council - Greater Area,ApartmentUnitFlat,2.0,1.0,1,395
"DG07 / 18 Grosvenor Street, Abbotsford",ABBOTSFORD,3067,Yarra City Council - Greater Area,ApartmentUnitFlat,2.0,1.0,1,400
"303/8-10 New Street, Richmond",RICHMOND,3121,Yarra City Council - Greater Area,ApartmentUnitFlat,1.0,1.0,1,375
"202/429-437 Swan Street, Richmond",RICHMOND,3121,Yarra City Council - Greater Area,ApartmentUnitFlat,1.0,1.0,0,390
"9/4 McGrath Court, Richmond",RICHMOND,3121,Yarra City Council - Greater Area,ApartmentUnitFlat,1.0,1.0,1,310
"1/2 Gardner Street, Richmond",RICHMOND,3121,Yarra City Council - Greater Area,ApartmentUnitFlat,1.0,1.0,1,270
"609/45 Victoria Parade, Collingwood",COLLINGWOOD,3066,Yarra City Council - Greater Area,ApartmentUnitFlat,1.0,1.0,0,260
"7/41 Napier Street, Fitzroy",FITZROY,3065,Yarra City Council - Greater Area,ApartmentUnitFlat,1.0,1.0,1,310
"22/41 Napier Street, Fitzroy",FITZROY,3065,Yarra City Council - Greater Area,ApartmentUnitFlat,1.0,1.0,0,280
"G02/163 Cremorne Street, Cremorne",CREMORNE,3121,Yarra City Council - Greater Area,ApartmentUnitFlat,1.0,1.0,1,380
"402/45 Victoria Parade, Collingwood",COLLINGWOOD,3066,Yarra City Council - Greater Area,ApartmentUnitFlat,1.0,1.0,0,275
"10/10 Bosisto Street, Richmond",RICHMOND,3121,Yarra City Council - Greater Area,ApartmentUnitFlat,1.0,1.0,1,300
"101/229 Bridge Road, Richmond",RICHMOND,3121,Yarra City Council - Greater Area,ApartmentUnitFlat,1.0,1.0,0,365
"506/45 Victoria Parade, Collingwood",COLLINGWOOD,3066,Yarra City Council - Greater Area,Studio,1.0,1.0,0,275
"10/27 Griffiths St, Richmond",RICHMOND,3121,Yarra City Council - Greater Area,ApartmentUnitFlat,1.0,1.0,1,250
"307/45 Victoria Parade, Collingwood",COLLINGWOOD,3066,Yarra City Council - Greater Area,ApartmentUnitFlat,1.0,1.0,0,250
"14/27 Griffiths St, Richmond",RICHMOND,3121,Yarra City Council - Greater Area,ApartmentUnitFlat,1.0,1.0,1,250
"6/275 Burnley Street, Richmond",RICHMOND,3121,Yarra City Council - Greater Area,ApartmentUnitFlat,1.0,1.0,1,285
"619/45 Victoria Parade, Collingwood",COLLINGWOOD,3066,Yarra City Council - Greater Area,ApartmentUnitFlat,1.0,1.0,0,225
"20/160 Coppin Street, Richmond",RICHMOND,3121,Yarra City Council - Greater Area,ApartmentUnitFlat,1.0,1.0,1,ont
"3/34 Davison St, Richmond",RICHMOND,3121,Yarra City Council - Greater Area,ApartmentUnitFlat,1.0,1.0,1,290
"4/13 Lambert Street, Richmond",RICHMOND,3121,Yarra City Council - Greater Area,ApartmentUnitFlat,1.0,1.0,1,295
"6/17 Alexander Street, Collingwood",COLLINGWOOD,3066,Yarra City Council - Greater Area,ApartmentUnitFlat,2.0,1.0,1,340
"3/43 Gertrude Street, Fitzroy",FITZROY,3065,Yarra City Council - Greater Area,House,1.0,1.0,0,375
"3/15 Davison St, Richmond",RICHMOND,3121,Yarra City Council - Greater Area,ApartmentUnitFlat,2.0,1.0,1,340
"1/27 Griffiths St, Richmond",RICHMOND,3121,Yarra City Council - Greater Area,ApartmentUnitFlat,2.0,1.0,1,340
"4/41 Fenwick Street, Clifton Hill",CLIFTON HILL,3068,Yarra City Council - Greater Area,ApartmentUnitFlat,2.0,1.0,1,360
"3/25 Rotherwood Street, Richmond",RICHMOND,3121,Yarra City Council - Greater Area,ApartmentUnitFlat,1.0,1.0,1,320
"10/199 Punt Road, Richmond",RICHMOND,3121,Yarra City Council - Greater Area,ApartmentUnitFlat,1.0,1.0,0,285
"4/41 Napier St, Fitzroy",FITZROY,3065,Yarra City Council - Greater Area,ApartmentUnitFlat,1.0,1.0,1,270
"303/45 Victoria Parade, Collingwood",COLLINGWOOD,3066,Yarra City Council - Greater Area,House,1.0,1.0,1,250
"5/35 Brunswick Street, Fitzroy",FITZROY,3065,Yarra City Council - Greater Area,ApartmentUnitFlat,1.0,1.0,0,200
"15/147 Victoria Parade, Fitzroy",FITZROY,3065,Yarra City Council - Greater Area,ApartmentUnitFlat,1.0,1.0,0,135
"8/87 Gardner Street, Richmond",RICHMOND,3121,Yarra City Council - Greater Area,ApartmentUnitFlat,1.0,1.0,0,185
"7/87 Gardner Street, Richmond",RICHMOND,3121,Yarra City Council - Greater Area,ApartmentUnitFlat,1.0,1.0,0,175
"12/109 Mary Street, Richmond",RICHMOND,3121,Yarra City Council - Greater Area,ApartmentUnitFlat,2.0,1.0,1,350
"607/45 Victoria Parade, Collingwood",COLLINGWOOD,3066,Yarra City Council - Greater Area,ApartmentUnitFlat,1.0,1.0,0,285
"6/1 Little Buckingham Street, Richmond",RICHMOND,3121,Yarra City Council - Greater Area,ApartmentUnitFlat,1.0,1.0,0,375
"311/45 Victoria Parade, Collingwood",COLLINGWOOD,3066,Yarra City Council - Greater Area,ApartmentUnitFlat,1.0,1.0,0,300
"409/45 Victoria Parade, Collingwood",COLLINGWOOD,3066,Yarra City Council - Greater Area,ApartmentUnitFlat,1.0,1.0,0,310
"411/45 Victoria Parade, Collingwood",COLLINGWOOD,3066,Yarra City Council - Greater Area,Studio,1.0,1.0,0,200
"110/28 Burnley Street, Richmond",RICHMOND,3121,Yarra City Council - Greater Area,ApartmentUnitFlat,1.0,1.0,1,330
"302/14 David Street, Richmond",RICHMOND,3121,Yarra City Council - Greater Area,ApartmentUnitFlat,1.0,1.0,1,355
"4/117 Kerr Street, Fitzroy",FITZROY,3065,Yarra City Council - Greater Area,ApartmentUnitFlat,1.0,1.0,0,300
"625/45 Victoria Parade, Collingwood",COLLINGWOOD,3066,Yarra City Council - Greater Area,ApartmentUnitFlat,1.0,1.0,0,290
"12/35 Brunswick Street, Fitzroy",FITZROY,3065,Yarra City Council - Greater Area,Studio,1.0,1.0,0,270
"7/117 Kerr Street, Fitzroy",FITZROY,3065,Yarra City Council - Greater Area,ApartmentUnitFlat,1.0,1.0,1,300
"205/45 Victoria Parade, Collingwood",COLLINGWOOD,3066,Yarra City Council - Greater Area,ApartmentUnitFlat,1.0,1.0,0,275
"11/16 Derby Street, Richmond",RICHMOND,3121,Yarra City Council - Greater Area,ApartmentUnitFlat,1.0,1.0,1,370
"10/2 Gardner Street, Richmond",RICHMOND,3121,Yarra City Council - Greater Area,ApartmentUnitFlat,2.0,1.0,1,325
"3/275 Burnely St, Richmond",RICHMOND,3121,Yarra City Council - Greater Area,ApartmentUnitFlat,1.0,1.0,1,290
"606/45 Victoria Parade, Collingwood",COLLINGWOOD,3066,Yarra City Council - Greater Area,ApartmentUnitFlat,1.0,1.0,0,195
"902/20 Shamrock Street, Abbotsford",ABBOTSFORD,3067,Yarra City Council - Greater Area,House,1.0,1.0,0,350
"6/9-11 Otter Street, Collingwood",COLLINGWOOD,3066,Yarra City Council - Greater Area,ApartmentUnitFlat,2.0,1.0,1,350
"45 Victoria Parade, Collingwood",COLLINGWOOD,3066,Yarra City Council - Greater Area,Studio,1.0,1.0,0,rom
"108/1 Dyer Street, Richmond",RICHMOND,3121,Yarra City Council - Greater Area,ApartmentUnitFlat,1.0,1.0,1,400
"5/1 Peel Street, Collingwood",COLLINGWOOD,3066,Yarra City Council - Greater Area,ApartmentUnitFlat,1.0,1.0,0,390
"1/368 Church Street, Richmond",RICHMOND,3121,Yarra City Council - Greater Area,ApartmentUnitFlat,1.0,1.0,0,325
"4/33 Davison Street, Richmond",RICHMOND,3121,Yarra City Council - Greater Area,ApartmentUnitFlat,1.0,1.0,1,290
"315/4 Acacia Place, Abbotsford",ABBOTSFORD,3067,Yarra City Council - Greater Area,ApartmentUnitFlat,1.0,1.0,0,320
"306/4 Acacia Place, Abbotsford",ABBOTSFORD,3067,Yarra City Council - Greater Area,ApartmentUnitFlat,1.0,1.0,0,325
"111/70-74 Nicholson Street, Fitzroy",FITZROY,3065,Yarra City Council - Greater Area,ApartmentUnitFlat,1.0,1.0,0,310
"711/4 Acacia Place, Abbotsford",ABBOTSFORD,3067,Yarra City Council - Greater Area,ApartmentUnitFlat,1.0,1.0,0,350
"106/81 Argyle Street, Fitzroy",FITZROY,3065,Yarra City Council - Greater Area,ApartmentUnitFlat,1.0,1.0,0,400
"504/81 Argyle Street, Fitzroy",FITZROY,3065,Yarra City Council - Greater Area,ApartmentUnitFlat,1.0,1.0,0,400
"3/71A Tanner Street, Richmond",RICHMOND,3121,Yarra City Council - Greater Area,ApartmentUnitFlat,1.0,1.0,1,385
"C101/5 Flockhart Street, Abbotsford",ABBOTSFORD,3067,Yarra City Council - Greater Area,ApartmentUnitFlat,2.0,1.0,1,400
"105/120 Gipps Street, Abbotsford",ABBOTSFORD,3067,Yarra City Council - Greater Area,ApartmentUnitFlat,1.0,1.0,1,385
"218/88 Trenerry Crescent, Abbotsford",ABBOTSFORD,3067,Yarra City Council - Greater Area,ApartmentUnitFlat,1.0,1.0,1,325
"11/32 Dwyer Street, Clifton Hill",CLIFTON HILL,3068,Yarra City Council - Greater Area,ApartmentUnitFlat,1.0,1.0,1,340
"201/45 York Street, Richmond",RICHMOND,3121,Yarra City Council - Greater Area,ApartmentUnitFlat,1.0,1.0,1,395
"510/45 Victoria Parade, Collingwood",COLLINGWOOD,3066,Yarra City Council - Greater Area,ApartmentUnitFlat,1.0,1.0,0,280
"2/7 Adam Street, Richmond",RICHMOND,3121,Yarra City Council - Greater Area,ApartmentUnitFlat,2.0,1.0,1,365
"309/45 Victoria Parade, Collingwood",COLLINGWOOD,3066,Yarra City Council - Greater Area,ApartmentUnitFlat,1.0,1.0,0,370
"1/271 Lennox Street, Richmond",RICHMOND,3121,Yarra City Council - Greater Area,ApartmentUnitFlat,1.0,1.0,1,320
"8/14 Albert Street, Abbotsford",ABBOTSFORD,3067,Yarra City Council - Greater Area,ApartmentUnitFlat,2.0,1.0,1,350
"5/28 Nicholson Street, Richmond",RICHMOND,3121,Yarra City Council - Greater Area,ApartmentUnitFlat,2.0,1.0,1,360
"4/117 Kerr Street, Fitzroy",FITZROY,3065,Yarra City Council - Greater Area,ApartmentUnitFlat,1.0,1.0,1,300
